lexeme_id,frequency,cognate_id,language_of_etymon,is_suppletive,cognacy_comment,Cognateset_ID_ODRVM,Etymon_in_ODRVM,etymon_DeMauro
essere,54838,esse,,1,,esse~stare,ESSE / STARE,"1037-89; dal lat. *essere, da esse di orig. indoeuropea."
fare,15702,facere,,,,facere,FACERE,"1219; lat. facĕre, con influsso analogico di dare, stare nella coniug."
avere,11663,habere,,,,habere,HABERE,1211; lat. habēre.
potere,11035,posse,,,,posse,POSSE,"av. 1237; lat. *pŏtēre, var. di pŏsse."
dire,9257,dicere,,,,dicere,DICERE,1211; lat. dīcĕre.
dovere,6912,debere,,,,debere,DEBERE,"1211; lat. dēbēre, comp. di de- “via da” e habēre “1avere”."
volere,5060,uelle,,,,uelle,UELLE,"1219; lat. *vŏlēre, var. di vĕlle."
andare,4400,ambulare,,1,,ambulare~uadere,AMBULARE / UADERE,"1219; etim. incerta, forse lat. ambŭlāre “camminare” o *ambitāre, der. di ambīre “andare intorno” con inserzione, per alcune persone, di vadĕre “1andare”."
stare,4391,stare,,,,,,1211; lat. stāre.
vedere,4313,uidere,,,,uidere,UIDERE,1295; dal lat. vĭdēre.
sapere,4210,sapere,,,,sapere,SAPERE,960; lat. sapĕre propr. “aver sapore”.
dare,3745,dare,,,,dare,DARE,2ª metà XII sec; lat. dăre.
trovare,3267,stare,,,,stare,STARE,"1294; etim. incerta, forse lat. *trŏpāre “comporre un’aria”."
mettere,3090,mittere,,,,,,sec. XIII; lat. mĭttĕre “mandare”.
parlare,2969,*parabolare,,,,,,"1ª metà XIII sec; lat. *parabŏlāre, der. di parabola “1parabola”."
arrivare,2614,*arripare,,,,,,"ca. 1300; lat. *arrĭpāre, v. anche 1riva."
pensare,2602,pensare,,,,,,"av. 1250; lat. pēnsāre propr. “pesare”, intens. di pendĕre “pesare”."
sembrare,2447,similare,,,,,,"av. 1250; dal provenz. ant. semblar, dal lat. tardo similāre “somigliare”, der. di similis “simile”."
prendere,2446,prehendere,,,,,,1158; lat. prehĕndĕre.
chiedere,2395,quaerere,,,,,,"1278; lat. quaerĕre, con dissimilazione."
lasciare,2292,laxare,,,,,,"av. 1250 nell'accez. 3; lat. laxāre “allargare, sciogliere”, der. di laxus “allentato, largo”."
sentire,2236,sentire,,,,,,fine XII sec; lat. sĕntīre.
portare,2158,portare,,,,portare,PORTARE,fine XII sec; lat. pŏrtāre.
riuscire,2050,,,,later formation,,,1313-19 nell'accez. 2; der. di uscire con ri-.
venire,1977,uenire,,,,uenire,UENIRE,1219 nell'accez. 2a; lat. vĕnīre.
diventare,1974,*deventare,,,,,,"1282; lat. *deventāre, intens. di devenīre “divenire”."
cercare,1875,circare,,,,,,"av. 1250; lat. tardo cĭrcāre “circondare, andare intorno”, der. di circa “intorno”."
passare,1872,*passare,,,,,,"av. 1250; lat. *passāre, der. di passus “1passo”."
vivere,1777,uiuere,,,,,,av. 1294; lat. vīvĕre.
tornare,1650,tornare,,,,,,"1158; lat. tŏrnāre propr. “lavorare al tornio”, der. di tornus “tornio”; nell’accez. II 3 cfr. fr. tourner."
rimanere,1607,remanere,,,,,,"fine XIII sec; dal lat. remanēre, comp. di re- con valore iter. e manēre “stare”."
tenere,1605,tenere,,,,tenere,TENERE,2ª metà XIII sec; lat. tĕnēre.
spiegare,1597,explicare,,,,,,"1312; lat. explĭcāre, comp. di ex- con valore privat. e plicāre “piegare”."
finire,1586,finire,,,,finire,FINIRE,"2ª metà XIII sec; lat. finīre, v. anche 1fine."
capire,1560,capere,,,with change of inflection class,,,sec. XIV; lat. capĕre con cambio di coniug.
chiamare,1493,clamare,,,,,,"1219; lat. clamāre “gridare, proclamare”."
credere,1484,credere,,,,credere,CREDERE,2ª metà XIII sec; lat. crēdĕre.
cominciare,1427,*comintiare,,,,,,"1ª metà XIII sec; lat. *comintiāre, comp. di con- “assieme, con” e initiāre “iniziare”."
scrivere,1419,scribere,,,,,,1219; lat. scrībĕre.
ricordare,1392,recordari,,,,,,"av. 1292; dal lat. recŏrdāri, comp. di re- “indietro” e cor, cordis “cuore”."
continuare,1388,continuare,,,,,,"2ª metà XIII sec; dal lat. contĭnŭāre, v. anche continuo."
perdere,1386,perdere,,,,perdere,PERDERE,"av. 1250; lat. pĕrdĕre “mandare in rovina, 1consumare”."
conoscere,1362,cognoscere,,,,cognoscere,COGNOSCERE,"1219; lat. *conōscĕre, var. di cognoscĕre, comp. di co-, var. di con- “assieme, con” e noscĕre “conoscere”."
guardare,1343,*guardare,,,,,,"av. 1250; dal lat. mediev. guardāre, dal franc. *wardōn “stare in guardia”, cfr. alto ted. ant. wartēn, ted. mod. warten “aspettare”."
decidere,1331,decidere,,,,,,"av. 1321; dal lat. decīdĕre propr. “tagliare via”, comp. di de- “via da” e caedĕre “tagliare”."
restare,1328,restare,,,,,,"av. 1313; lat. rĕstāre, v. anche stare."
rendere,1295,reddere,,,,,,"1219; lat. rĕddĕre, con influsso di prendere, spendere, vendere."
rispondere,1289,respondere,,,,,,"1219; lat. tardo respŏndĕre, var. di respondēre comp. di re- “di nuovo” e spondēre “promettere”."
presentare,1281,praesentare,,,,,,"2ª metà XII sec; dal lat. praesĕntāre, v. anche presente."
uscire,1267,exire,,,,exire,EXIRE,"av. 1313; lat. exīre, comp. di ex- “fuori, 1da” e īre “1andare”."
raccontare,1237,,,,later formation,,,fine XIII sec; der. di contare con ra-.
nascere,1169,nasci,,,,nasci,NASCI,"av. 1250; lat. *nascere, var. di nasci."
entrare,1149,intrare,,,,,,"ca. 1284 nell'accez. 4; lat. ĭntrāre, der. di *interus “intero”."
trattare,1135,tractare,,,,,,"av. 1292; lat. tractāre, intens. di trahĕre “trarre, tirare”."
bastare,1132,,,,,,,"1253; etim. incerta, forse cfr. gr. bastázō “sopporto”."
seguire,1128,sequi,,,,,,"fine XIII sec; lat. *sĕquīre, var. di sĕqui."
lavorare,1108,laborare,,,,,,sec. XIII; dal lat. labōrāre.
aprire,1080,aperire,,,,,,av. 1294; lat. apĕrīre.
cambiare,979,cambiare,,,,,,"1255; lat. tardo cambĭāre, di orig. gallica."
giocare,979,iocari,,,,,,"2ª metà XIII sec; lat. *iŏcāre, var. di iocāri, v. anche gioco."
usare,952,usare,,,,,,"1305-06 nell'accez. 6; dal lat. tardo ūsāre, v. anche 1uso."
vincere,952,uincere,,,,,,2ª metà XIII sec; dal lat. vĭncĕre.
scegliere,931,*exeligere,,,,,,"av. 1294; lat. *exēlĭgĕre, comp. di ex- con valore intens. ed eligĕre."
bisognare,921,,,,later formation,,,av. 1294; der. di bisogno con 1-are.
esistere,917,exsistere,,,,,,"av. 1685; dal lat. exsĭstĕre, comp. di ex- “fuori, da” e sistĕre “stare”."
servire,915,seruire,,,,,,av. 1250; lat. sĕrvīre; nell’accez. 6b cfr. ingl. (to) serve.
aspettare,913,expectare,,,,,,"2ª metà XIII sec; lat. expĕctāre, der. di spectāre “guardare” con cambio di pref."
considerare,900,considerare,,,,,,"2ª metà XIII sec; dal lat. consĭdĕrāre propr. “osservare gli astri per trarne gli auspici”, comp. di con- “assieme, con” e sidus, -eris “stella”."
raggiungere,892,,,,later formation,,,1374; der. di aggiungere con ra-.
morire,870,mori,,,,mori,MORI,"1219; lat. *mŏrīre, var. di mŏri."
aggiungere,869,adiungere,,,,,,"av. 1294; lat. adiŭngĕre, v. anche giungere."
ottenere,838,obtinere,,,,,,"1348-53; dal lat. obtĭnēre propr. “tenere saldamente”, v. anche tenere."
piacere,836,placere,,,,placere,PLACERE,sec. XII; lat. placēre.
leggere,831,legere,,,,,,1219; lat. lĕgĕre propr. “raccogliere”.
scoprire,826,,,,later formation,,,sec. XIII; der. di coprire con s-.
prevedere,825,praeuidere,,,,,,"av. 1292; dal lat. praevĭdēre, v. anche vedere."
offrire,819,offerre,,,,,,"av. 1313-19; lat. *offerīre, var. di offĕrre, comp. di ob- “2a, 4verso” e fĕrre “portare”."
amare,818,amare,,,,,,in. XIII sec.; lat. amāre.
sostenere,807,sustinere,,,,,,"av. 1292; lat. sustĭnēre, v. anche tenere."
pagare,806,pacare,,,,,,"1211; lat. pacāre “pacificare, quietare”, der. di pax, -acis “pace”, v. anche pacare, cfr. lat. mediev. pagāre."
parere,766,parere,,,,parere_2,PARERE,av. 1249; lat. parēre.
mancare,759,,,,later formation,,,av. 1313; der. di 1manco con 1-are.
partire,757,partiri,,,,,,av. 1243 nell'accez. 3; da 2partire.
chiudere,747,cludere,,,,,,"1304-08 nell'accez. 2a; lat. tardo clūdĕre, var. di claudĕre, sul tipo dei comp. includĕre, excludĕre."
proporre,723,proponere,,,,,,"av. 1243; dal lat. propōnĕre, v. anche porre."
provare,720,probare,,,,,,"av. 1250; lat. prŏbāre propr. “riconoscere buono”, der. di probus “1buono”."
creare,717,creare,,,,,,av. 1276; dal lat. crĕāre.
succedere,694,succedere,,,,,,"av. 1313; dal lat. succēdĕre, comp. di sub- “sotto” e cedĕre “1andare”."
uccidere,692,occidere,,,,,,"1304-08; lat. occīdĕre “abbattere a colpi”, comp. di ob- “1contro, 4verso” e caedĕre “tagliare, abbattere tagliando”."
apparire,688,apparere,,,with change of inflection class,,,"av. 1294; lat. apparēre, comp. di ad- con valore raff. e parēre “mostrarsi”, con cambio di coniug."
evitare,687,euitare,,,,,,"1483; dal lat. ēvĭtāre, comp. di e- con valore raff. e vitāre “evitare”."
avvenire,686,aduenire,,,,,,"av. 1250; lat. advenīre, v. anche 1venire."
ricevere,665,recipere,,,,,,"2ª metà XII sec; dal lat. recĭpĕre, v. anche recipere."
correre,662,currere,,,,,,2ª metà XII sec; lat. cŭrrĕre.
dimostrare,659,demonstrare,,,,,,"1ª metà XIII sec; lat. demōnstrāre, v. anche mostrare."
incontrare,654,incontrare,,,,,,"2ª metà XII sec; lat. tardo incŏntrāre, v. anche 2incontro."
rappresentare,648,repraesentare,,,,,,"1304-08; lat. repraesĕntāre, v. anche presentare."
accadere,638,accidere,,,,,,"av. 1294; lat. *accadēre, var. di accidĕre."
permettere,638,permettere,,,,,,"av. 1311; lat. permĭttĕre, comp. di per- con valore intens. e mittĕre “mandare, lasciar andare”."
riguardare,635,,,,later formation,,,av. 1313 nell'accez. 2; der. di guardare con ri-.
fermare,632,firmare,,,,,,"2ª metà XIII sec; lat. fĭrmāre “assicurare”, v. anche 1fermo."
accettare,631,acceptare,,,,,,"av. 1313; dal lat. accĕptāre, freq. di accipĕre."
scendere,627,discendere,,,,,,1ª metà XIII sec; da discendere con aferesi.
aiutare,625,adiutare,,,,,,"2ª metà XIII sec; lat. adiutāre, der. di adiuvāre."
realizzare,621,réalizer,French,,,,,"1759; dal fr. réalizer, der. del lat. mediev. realis “1reale”; nell’accez. 5 cfr. ingl. (to) realize."
definire,610,definire,,,,,,"av. 1294; dal lat. definīre, comp. di de- con valore raff. e finis “confine”."
costruire,605,construere,,,with change of inflection class,,,"av. 1321; dal lat. constrŭĕre, comp. di con- “assieme, con” e struĕre “edificare” con cambio di coniug."
occupare,603,occupare,,,,,,"av. 1294; dal lat. ŏccŭpāre, comp. di ob- con valore raff. e capĕre “prendere”."
trasformare,599,transformare,,,,,,"1348-53; dal lat. transfōrmāre, cfr. gr. metamorphízō “io trasformo”, v. anche formare."
toccare,598,,,,,,,av. 1250; prob. voce onom.
costringere,587,constringere,,,,,,"2ª metà XIII sec; dal lat. constrĭngĕre, v. anche stringere."
tentare,585,temptare,,,,,,av. 1306 nell'accez. 3; lat. tĕmptāre.
affrontare,583,*affrontare,,,,,,"av. 1321; lat. *affrŏntāre, v. anche fronte."
sperare,583,sperare,,,,,,"av. 1250; dal lat. spērāre, der. di spes “speranza”."
dedicare,580,dedicare,,,,,,"av. 1374; dal lat. dēdĭcāre, comp. di de- con valore raff. e dicāre “dire solennemente, proclamare”."
superare,580,superare,,,,,,"av. 1348; dal lat. sŭpĕrāre, der. di superus “superiore”."
affermare,576,affirmare,,,,,,"av. 1294; dal lat. affīrmāre, comp. di ad- “a, verso” e firmāre “consolidare”."
comprendere,571,comprehendere,,,,,,"av. 1294; dal lat. comprehendĕre, v. anche prendere."
annunciare,567,annuntiare,,,,,,"av. 1306; dal lat. annūntĭāre, comp. di ad- con valore raff. e nuntius “messaggero, messaggio”."
lanciare,562,lanceare,,,,,,sec. XIII; lat. tardo lancĕāre “scagliare la lancia”.
cadere,560,cadere,,,,cadere,CADERE,"av. 1257 nell'accez. 4; lat. *cadēre, var. di cadĕre."
dichiarare,548,declarare,,,,,,"av. 1292; lat. declarāre, v. anche chiaro."
preferire,546,praeferre,,,with change of inflection class,,,"sec. XIV; dal lat. praefĕrre, comp. di prae- “davanti” e fĕrre “portare”, con cambio di coniug., cfr. fr. préférer."
consentire,545,consentire,,,,,,"av. 1257; dal lat. consentīre, comp. di con- “assieme, con” e sentīre “1sentire, ritenere”."
girare,545,gyrare,,,,,,"av. 1250; lat. tardo gȳrāre, v. anche giro."
iniziare,543,initiare,,,,,,"1304-08; dal lat. inĭtĭāre, v. anche inizio."
raccogliere,543,,,,later formation,,,av. 1292; der. di cogliere con ra-.
confermare,542,confirmare,,,,,,"sec. XIII; lat. confĭrmāre, comp. di con- “assieme, con” e firmāre “rendere stabile”, der. di firmus “fermo, stabile”."
salire,541,salire,,,,,,in. XIII sec.; lat. salīre “saltare”.
colpire,540,,,,later formation,,,sec. XIII; der. di colpo con -ire.
produrre,536,producere,,,,,,"ca. 1224; lat. prodūcĕre, comp. di pro- “davanti, fuori” e ducĕre “condurre”."
preparare,531,praeparare,,,,,,1348-53; dal lat. praepărāre.
svolgere,529,,,,later formation,,,av. 1374; der. di volgere con s-.
riconoscere,527,recognoscere,,,,,,"fine XII sec; dal lat. recognōscĕre, v. anche conoscere."
ritrovare,526,,,,later formation,,,av. 1292; der. di 1trovare con ri-.
concludere,524,concludere,,,,,,"av. 1257; dal lat. conclūdĕre, comp. di con- “assieme, con” e claudĕre “chiudere”."
ritenere,521,retinere,,,,,,"av. 1276; lat. retĭnēre, v. anche tenere."
crescere,520,crescere,,,,crescere,CRESCERE,1ª metà XII sec; lat. crēscĕre.
ripetere,520,repetere,,,,,,"1313-19; dal lat. repĕtĕre propr. “domandare di nuovo”, comp. di re- con valore iter. e petĕre “chiedere, domandare”."
riprendere,520,reprehendere,,,,,,"1ª metà XIII sec; dal lat. reprehĕndĕre, v. anche prendere."
valere,517,ualere,,,,ualere,UALERE,1219 nell'accez. 2b; dal lat. valēre.
dimenticare,511,dementicare,,,,,,"2ª metà XIII sec; dal lat. tardo demĕntĭcāre, v. anche mente."
significare,508,significare,,,,,,"av. 1292 nell'accez. 4; dal lat. signĭfĭcāre, der. di signum “segno”."
battere,507,battere,,,,,,"fine XIII sec; lat. tardo battĕre, var. di battuĕre, di orig. sconosciuta."
esprimere,505,exprimere,,,,,,"fine XIII sec; dal lat. exprĭmĕre, comp. di ex- “fuori” e premĕre “premere”."
sposare,505,sponsare,,,,,,"av. 1250; lat. tardo spōnsāre “promettere in matrimonio”, intens. di spondēre “promettere”, v. anche sposo."
rischiare,503,,,,,,,av. 1348;
mangiare,502,manger,French,,,,,"1158; dal fr. manger, dal lat. manducāre."
tirare,499,*tirare,,,,,,"1295; dal lat. *tĭrāre, di orig. incerta."
mostrare,497,monstrare,,,,,,"2ª metà XII sec; lat. mōnstrāre propr. “indicare la volontà degli dei”, der. di monstrum “segno”."
muovere,497,mouere,,,with change of inflection class,,,"1219; lat. movēre, con cambio di coniug."
togliere,495,tollere,,,,,,2ª metà XIII sec; lat. tŏllĕre propr. “sollevare”.
rivelare,493,reuelare,,,,,,"1304-08; dal lat. revēlāre, v. anche velo."
contare,492,computare,,,,,,"2ª metà XII sec; lat. cŏmpŭtāre, comp. di con- “assieme, con” e putāre “calcolare”; nell’accez. 9 cfr. fr. compter."
intendere,492,intendere,,,,,,"av. 1294 nell'accez. 7a; dal lat. intĕndĕre, v. anche tendere."
nascondere,491,inabscondere,,,,,,"sec. XIII; lat. tardo inabscōndĕre, con aferesi, comp. di in- con valore raff. e abscondĕre “nascondere”."
indicare,490,indicare,,,,,,"1598; dal lat. ĭndĭcāre, freq. di indicĕre “indire”."
mantenere,490,manu tenere,,,,,,av. 1250; loc. lat. manu tenēre “tenere con la mano”.
porre,490,ponere,,,,ponere,PONERE,
mandare,484,mandare,,,,,,"sec. XIII; dal lat. mandāre, dalla loc. in manum dare “dare in mano, affidare”."
vendere,482,uendere,,,,uendere,UENDERE,"1279; lat. vēndĕre, dalla loc. venum dāre “dare in vendita”."
compiere,478,complere,,,with change of inflection class,,,"2ª metà XII sec; lat. complēre, comp. di con- “assieme, con” e della radice di plenus “pieno”, con cambio di coniug."
rivolgere,474,reuoluere,,,,,,"av. 1292; lat. revŏlvĕre, v. anche volgere."
abbandonare,473,abandonner,French,,,,,"1211-13; dal fr. abandonner, propr. fr. ant. àbandoner “consegnare alla mercé”, dal franc. ban “giurisdizione”."
ridurre,470,reducere,,,,,,"av. 1348 nell'accez. 4; lat. redūcĕre, comp. di re- “indietro” e ducĕre “condurre”."
ascoltare,468,*ascultare,,,,,,"av. 1306; lat. *ascŭltāre, var. di auscultāre, con dissimilazione."
rizultare,468,resultare,,,,,,"fine XIII sec. nell'accez. 8; dal lat. resŭltāre, comp. di re- “indietro” e saltāre, intens. di salīre “saltare”."
alzare,465,*altiare,,,,,,"av. 1294; lat. *altĭāre, der. di altus “alto”."
partecipare,462,participare,,,,,,"1306; dal lat. partĭcĭpāre, comp. di pars “parte” e capĕre “prendere”."
accompagnare,460,,,,later formation,,,"1293-94; der. di compagno con 1ad- e 1-are, cfr. fr. ant. accompagner."
giungere,459,iungere,,,,,,av. 1250; dal lat. iŭngĕre.
utilizzare,453,,,,later formation,,,"av. 1712; der. di utile con -izzare, cfr. fr. utiliser."
ammettere,443,admittere,,,,,,"av. 1306; dal lat. admĭttĕre, v. anche mettere."
difendere,442,defendere,,,,,,"1ª metà XIII sec; lat. defĕndĕre, comp. di de- “via da” e fendĕre “colpire”."
condurre,440,conducere,,,,conducere,CONDUCERE,"sec. XII-XIII; lat. condūcĕre, comp. di con- “assieme, con” e ducĕre “guidare, condurre”."
costituire,438,constituere,,,with change of inflection class,,,"av. 1294; dal lat. constitŭĕre, comp. di con- con valore perfettivo e statuĕre “stabilire”, con cambio di coniug."
accusare,437,accusare,,,,,,"ca. 1080; dal lat. accūsāre, comp. di ad- “a, verso” e causa “causa”."
invitare,428,inuitare,,,,,,av. 1306; dal lat. invĭtāre.
organizzare,427,organizare,,,,,,"sec. XIII nell'accez. 4; dal lat. mediev. organĭzāre, v. anche organo."
osservare,427,obseruare,,,,,,"1219; dal lat. obsĕrvāre, comp. di ob- “2a, 4verso” e servāre “guardare”."
imparare,426,*imparare,,,,,,"1313-19; lat. *impărāre, comp. di in- con valore raff. e parāre “procurare”."
salvare,426,saluare,,,,,,"1219; lat. tardo salvāre, v. anche salvo."
provocare,421,prouocare,,,,,,"av. 1292; dal lat. provōcăre, propr. “chiamar fuori, far uscire”."
formare,419,formare,,,,,,"ca. 1224; dal lat. fōrmāre, v. anche forma."
imporre,417,imponere,,,,,,"1219 nell'accez. 2; lat. impōnĕre, v. anche porre."
risolvere,416,resoluere,,,,,,"ca. 1340 nell'accez. 4; dal lat. resŏlvĕre, v. anche solvere."
richiedere,415,*requaerere,,,,,,"av. 1292; lat. *requaerĕre, v. anche chiedere."
affidare,414,affidare,,,,,,"av. 1342; dal lat. mediev. affīdāre, der. del lat. fidus “fidato”."
dirigere,411,dirigere,,,,,,"av. 1342; dal lat. dirĭgĕre, comp. di dis- “qua e là” e regĕre “reggere, guidare”."
fornire,409,fournir,French,,,,,"sec. XIII; dal fr. fournir, dal franc. *frumjan “eseguire”."
firmare,407,firmare,,,,,,av. 1566; dal lat. firmāre “confermare”.
puntare,404,,,,later formation,,,sec. XIII; der. di 1punta o 1punto con 1-are.
studiare,401,,,,later formation,,,2ª metà XIII sec; der. di studio con 1-are.
pubblicare,399,publicare,,,,,,"1ª metà XIII sec; dal lat. pūblĭcāre, v. anche pubblico."
attendere,398,attendere,,,,,,"av. 1257; lat. attĕndĕre “rivolgere l’animo a”, v. anche tendere."
spingere,393,expingere,,,,,,"in. XIII sec.; lat. *expĭngĕre, comp. di ex- “fuori da” e pangĕre “ficcare”, v. anche spegnere."
stabilire,390,stabilire,,,,,,"av. 1294; dal lat. stabilīre, v. anche stabile."
segnare,386,signare,,,,,,"sec. XIII; lat. sĭgnāre, v. anche segno."
assicurare,385,assecurare,,,,,,"1ª metà XIII sec. nell'accez. 4a; lat. *assecūrāre, der. di securus “sicuro”."
occorrere,383,occurrere,,,,,,"av. 1342 nell'accez. 2; dal lat. occŭrrĕre “farsi incontro, presentarsi”, v. anche correre."
tagliare,379,taliare,,,,,,"av. 1250; lat. tardo talĭāre, der. di talia, var. di talea “1talea”."
avvicinare,378,,,,later formation,,,av. 1313-19; der. di vicino con 1ad- e 1-are.
guidare,374,*widam,Gothic,,,,,2ª metà XIII sec; dal got. *widam.
assumere,373,adsumere,,,,,,"av. 1321; dal lat. adsūmĕre, comp. di ad- “a, verso” e sumĕre “prendere”."
garantire,372,,,,later formation,,,"1664; der. di garante con -ire, cfr. fr. garantir."
destinare,368,destinare,,,,,,"2ª metà XII sec; dal lat. destināre, comp. di de- con valore raff. e *stanāre “fermare”."
dormire,368,dormire,,,,dormire,DORMIRE,1ª metà XIII sec; lat. dŏrmīre.
legare,368,ligare,,,,,,sec. XIII; lat. lĭgāre.
controllare,366,,,,later formation,,,"1779; der. di controllo con 1-are, cfr. fr. contrôler; nell’accez. 2a cfr. ingl. (to) control."
fissare,365,,,,later formation,,,av. 1375; der. di fisso con 1-are.
ridere,365,ridere,,,,,,"av. 1292; lat. tardo ridĕre, var. di ridēre."
intervenire,364,interuenire,,,,,,"av. 1293; dal lat. intervĕnīre, v. anche 1venire."
costare,363,constare,,,,,,"av. 1236; lat. cŏnstāre, comp. di con- “assieme con” e stāre “stare”."
aumentare,357,augmentare,,,,,,"ca. 1336; dal lat. augmĕntāre, v. anche aumento."
convincere,356,conuincere,,,,,,"1304-08; dal lat. convĭncĕre, v. anche vincere."
immaginare,353,imaginare,,,,,,"av. 1294; dal lat. imagĭnāri, imagināre, v. anche immagine, cfr. gr. phantázō."
sorridere,352,subridere,,,with change of inflection class,,,"ca. 1250; lat. subrīdēre, con cambio di coniug., v. anche ridere; nell’accez. 1c cfr. fr. sourire."
acquistare,346,*acquisitare,,,,,,"1ª metà XIII sec. nell'accez. 1b; lat. *acquīsitāre, der. di acquisitus, p.pass. di acquirĕre “acquistare”."
sottolineare,346,,,,later formation,,,1873; der. di linea con sotto- e 1-are; nell’accez. 2a cfr. fr. souligner.
votare,346,*uotare,,,,,,"sec. XIV; lat. *vōtāre, der. di vovēre “offrire in voto”, v. anche 1voto."
comprare,345,comparare,,,,,,"1ª metà XIII sec; lat. cŏmparăre “procurare, raccogliere”, comp. di con- “assieme, con” e parāre “preparare”."
contenere,345,continere,,,,,,"960; lat. contĭnēre, v. anche tenere."
rinunciare,343,renuntiare,,,,,,"av. 1292; dal lat. renūntĭāre propr. “annunciare in risposta”, comp. di re- “1contro” e nuntiāre “annunciare, dichiarare”."
riportare,340,reportare,,,,,,"sec. XIII; dal lat. repŏrtāre, v. anche portare."
escludere,338,excludere,,,,,,"1304-08; dal lat. exclūdĕre, comp. di ex- “fuori, da” e claudĕre “chiudere”."
concedere,337,concedere,,,,,,"1ª metà XIII sec; dal lat. concēdĕre, v. anche cedere."
durare,335,durare,,,,,,"av. 1257 nell'accez. 4; lat. dūrāre, di orig. incerta."
subire,335,subire,,,,,,"av. 1557; dal lat. subīre, comp. di sub- “sotto” e īre “1andare”, cfr. fr. subir."
notare,334,notare,,,,,,"1314; dal lat. nŏtāre, v. anche nota."
soffrire,334,sufferre,,,,,,"fine XII sec; lat. *sŭffĕrīre, var. di suffĕrre, comp. di sub- “sotto” e fĕrre “portare”."
temere,334,timere,,,,,,sec. XIII; lat. tĭmēre.
discutere,333,discutere,,,,,,"av. 1364; dal lat. discŭtĕre propr. “staccare scuotendo”, comp. di dis- “qua e là” e quatĕre “scuotere”."
rifiutare,333,refutare,,,,,,"fine XIII sec; lat. refutāre, comp. di re- “indietro” e *futāre “battere” con influsso di fiutare."
giudicare,331,iudicare,,,,,,"av. 1294; dal lat. iūdĭcāre, comp. di ius “1diritto” e dicāre “dire”."
sedere,331,sedere,,,,sedere,SEDERE,av. 1182; lat. sĕdēre.
registrare,329,registrare,,,,,,"1313-19; dal lat. mediev. regĭstrāre, v. anche registro."
accogliere,328,,,,later formation,,,1250; der. di cogliere con 1ad-.
denunciare,327,denuntiare,,,,,,"1289; dal lat. denŭntĭāre, comp. di de- con valore perfettivo e nuntiāre “annunciare”; nell’accez. 3 cfr. fr. dénoncer."
impedire,327,impedire,,,,,,"1305-06; lat. impĕdīre propr. “legare i piedi”, comp. di in- con valore raff. e pes, pedis “piede”."
commentare,323,commentari,,,,,,"1304-08; dal lat. commĕntāri “riflettere” poi “commentare”, comp. di con- “assieme, con” e mens, mentis “intelligenza, senso”."
promettere,323,promittere,,,,,,"1211; lat. promĭttĕre propr. “mandare avanti”, v. anche mettere."
dividere,322,diuidere,,,,,,av. 1250; dal lat. dīvĭdĕre.
conquistare,321,*conquistare,,,,,,"2ª metà XIII sec; lat. *conquīstāre, freq. di conquirĕre, v. anche conquidere."
arrestare,319,adristare,,,,,,"av. 1310; dal lat. mediev. adrĭstāre, der. di restāre “fermarsi”."
riferire,318,referre,,,with change of inflection class,,,"sec. XIV; dal lat. refĕrre, comp. di re- “indietro” e fĕrre “portare”, con cambio di coniug."
verificare,314,uerificare,,,,,,"1354; dal lat. tardo verĭfĭcāre, v. anche vero."
appartenere,312,appartinere,,,,,,"av. 1294; lat. tardo appartinēre, comp. di ad- “a, verso” e pertinēre “appartenere, riguardare”, incrociato con pars, partis “parte”."
suonare,311,sonare,,,,,,"1219 nell'accez. 6; lat. sŏnāre, v. anche suono."
comportare,309,comportare,,,,,,"av. 1250; dal lat. comportāre “portare insieme”, comp. di con- “assieme, con” e portāre “sopportare”."
scattare,309,*excaptare,,,,,,"av. 1712; lat. *excaptāre, comp. di ex- con valore intens. e captāre “prendere”."
sparare,307,*exparare,,,,,,"ca. 1260; etim. incerta, forse lat. *exparāre, comp. di ex- con valore intens. e parāre “preparare”."
avvertire,306,aduertere,,,,,,"sec. XIV; dal lat. advĕrtĕre, “volgere l’animo, la mente”."
rientrare,306,,,,later formation,,,av. 1348; der. di entrare con ri-.
abitare,305,habitare,,,,,,"1219; dal lat. habĭtāre propr. “tenere”, freq. di habēre “avere”."
funzionare,301,,,,later formation,,,"1848; der. di funzione con 1-are, cfr. fr. fonctionner."
curare,300,curare,,,,,,"ca. 1274; dal lat. cūrāre, v. anche cura."
scomparire,300,,,,later formation,,,1715 nell'accez. 3; der. di comparire con s-.
assistere,299,adsistere,,,,,,"av. 1342; dal lat. adsĭstĕre, comp. di ad- “a, verso” e sistĕre “stare”."
proseguire,299,prosequi,,,,,,"1304-08; dal lat. prosĕqui, v. anche seguire."
gridare,298,*critare,,,,,,"2ª metà XII sec; lat. *crītāre, var. di quiritāre propr. “invocare l’aiuto dei cittadini”, der. di Quirites, nome dei cittadini romani in ambito civile."
bloccare,297,bloquer,French,,,,,"av. 1644 nell'accez. 3a; dal fr. bloquer, der. di bloc “1blocco”."
capitare,297,capitare,,,,,,"1306 nell'accez. 3; lat. *capĭtāre, der. di caput, -itis “capo, testa”."
cantare,293,cantare,,,,cantare,CANTARE,"2ª metà XII sec; lat. cantāre, freq. di canĕre."
interpretare,293,interpretari,,,,,,"av. 1294; dal lat. intĕrprĕtāri, v. anche interprete."
coinvolgere,292,,,,later formation,,,av. 1911; der. di involgere con 1co-.
consegnare,290,consignare,,,,,,"1397; lat. consĭgnāre “sigillare, sottoscrivere”, comp. di con- con valore perfettivo e signāre “contrassegnare”."
sostituire,286,substituere,,,,,,"1332-37 nell'accez. 2; lat. substitŭĕre “porre sotto”, comp. di sub- “sotto” e statuĕre “collocare”."
allontanare,285,,,,later formation,,,ca. 1336; der. di lontano con 1ad- e 1-are.
interessare,285,intéresser,French,,,,,av. 1540; cfr. fr. intéresser.
ritornare,284,,,,later formation,,,fine XIII sec; der. di tornare con ri-.
saltare,284,saltare,,,,,,"av. 1294; lat. saltāre, intens. da salīre; nell’accez. 7 cfr. fr. sauter."
trasferire,284,transferre,,,with change of inflection class,,,"1342; dal lat. transfĕrre, comp. di trans- “da un’altra parte” e fĕrre “portare”, con cambio di coniug."
limitare,281,limitare,,,,,,"1304-08; dal lat. līmĭtāre, v. anche limite."
sottoporre,278,,,,later formation,,,fine XIII sec; der. di porre con sotto-.
liberare,277,liberare,,,,,,"1304-08; dal lat. lībĕrāre, v. anche libero."
conservare,276,conseruare,,,,,,"1304-08; dal lat. consĕrvāre, comp. di con- “assieme, con” e servāre “conservare, mantenere”."
avviare,273,,,,later formation,,,av. 1306; der. di via con 1a- e 1-are.
coprire,273,cooperire,,,,,,"2ª metà XIII sec; lat. coŏpĕrīre, comp. di co- “assieme, con” e operīre “coprire”."
precisare,273,préciser,French,,,,,1670; cfr. fr. préciser.
trascorrere,273,transcurrere,,,,,,"1313-19 nell'accez. 2a; dal lat. transcŭrrĕre, v. anche correre."
stringere,272,stringere,,,,stringere,STRINGERE,2ª metà XIII sec; lat. strĭngĕre.
disporre,271,disponere,,,,,,"2ª metà XIII sec; lat. dispōnĕre, v. anche porre."
insegnare,270,insignare,,,,,,"sec. XIII; lat. tardo insĭgnāre propr. “imprimere un segno”, v. anche segnare."
gettare,268,*iectare,,,,,,"2ª metà XIII sec; lat. *iĕctāre, var. di iactāre, intens. di iacĕre “lanciare”."
rispettare,268,respectare,,,,,,"2ª metà XIII sec; lat. *iĕctāre, var. di iactāre, intens. di iacĕre “lanciare”."
unire,268,unire,,,,,,"av. 1306; dal lat. unīre, v. anche uno."
attraversare,264,,,,later formation,,,av. 1313; der. di attraverso con 1-are.
frequentare,264,frequentare,,,,,,"sec. XIII; dal lat. frequĕntāre, v. anche frequente."
procedere,264,procedere,,,,,,"2ª metà XII sec; dal lat. procēdĕre, comp. di pro- “avanti” e cēdĕre “1avanzare”."
dipendere,263,*dependere,,,,,,"1304-08; lat. *depĕndĕre, var. di dependēre propr. “pendere in giù”, v. anche pendere."
attaccare,262,,,,later formation,,,av. 1294; der. di taccare con 1ad-.
piangere,262,plangere,,,,,,av. 1250; lat. plangĕre propr. “battersi il petto”.
sbagliare,261,,,,,,,1666; prob. da abbagliare con sovrapp. di s-.
inviare,260,inuiare,,,,,,"av. 1294; dal lat. invĭāre “percorrere una strada”, v. anche via."
domandare,259,demandare,,,,,,"1219; lat. demandāre “affidare, raccomandare”, comp. di de- con valore raff. e mandāre “mandare”."
buttare,258,bouter,French,,,,,"av. 1313; dal fr. bouter “colpire; gettare; germinare”, dal franc. *bōtan “colpire”."
comporre,257,componere,,,,,,"av. 1294; lat. compōnĕre, v. anche porre."
emergere,257,emergere,,,,,,"av. 1321; dal lat. emĕrgĕre, comp. di e- “fuori, da” e mergĕre “sommergere”."
condannare,256,condemnare,,,,,,"av. 1303; lat. condĕmnāre, comp. di con- “assieme, con” e damnāre “condannare”, con influsso secondario di dannum “uomo”; nell’accez. 6 cfr. fr. condamner."
confessare,256,,,,,,,
negare,256,,,,,,,
trasmettere,255,,,,,,,
approvare,254,,,,,,,
sognare,251,,,,,,,
volare,250,,,,,,,
agire,249,,,,,,,
eseguire,248,,,,,,,
inserire,248,,,,,,,
cedere,247,,,,,,,
eliminare,247,,,,,,,
possedere,246,,,,,,,
rompere,245,rumpere,,,,rumpere,RUMPERE,
guadagnare,244,,,,,,,
insistere,244,,,,,,,
bere,243,bibere,,,,bibere,BIBERE,
fuggire,243,fugere,,,,fugere,FUGERE,
gestire,243,,,,,,,
godere,241,,,,,,,
indossare,240,,,,,,,
operare,239,,,,,,,
minacciare,238,,,,,,,
ritirare,237,,,,,,,
preoccupare,235,,,,,,,
provenire,235,,,,,,,
telefonare,235,,,,,,,
adottare,234,,,,,,,
camminare,234,,,,,,,
citare,234,,,,,,,
esporre,234,,,,,,,
impegnare,234,,,,,,,
meritare,234,,,,,,,
divenire,233,,,,,,,
tendere,231,,,,,,,
suggerire,230,,,,,,,
riunire,229,,,,,,,
risalire,228,,,,,,,
segnalare,228,,,,,,,
sollevare,227,,,,,,,
spendere,227,,,,,,,
proteggere,226,,,,,,,
migliorare,225,,,,,,,
sfuggire,225,,,,,,,
eleggere,224,,,,,,,
interrompere,224,,,,,,,
descrivere,223,,,,,,,
versare,222,,,,,,,
applicare,220,,,,,,,
combattere,220,,,,,,,
desiderare,219,,,,,,,
effettuare,218,,,,,,,
appoggiare,217,,,,,,,
ospitare,217,,,,,,,
riflettere,217,,,,,,,
sviluppare,217,,,,,,,
spostare,216,,,,,,,
scappare,215,,,,,,,
viaggiare,215,,,,,,,
recuperare,214,,,,,,,
pregare,213,,,,,,,
recitare,213,,,,,,,
trarre,213,trahere,,,,trahere,TRAHERE,
cancellare,211,,,,,,,
vestire,210,,,,,,,
divertire,206,,,,,,,
circondare,205,,,,,,,
percorrere,205,,,,,,,
favorire,204,,,,,,,
inventare,203,,,,,,,
consumare,202,,,,,,,
distruggere,202,,,,,,,
importare,201,,,,,,,
consigliare,200,,,,,,,
dominare,199,,,,,,,
ispirare,199,,,,,,,
recare,199,,,,,,,
rimettere,198,,,,,,,
riempire,197,,,,,,,
rivedere,196,,,,,,,
determinare,195,,,,,,,
regalare,195,,,,,,,
cogliere,194,colligere,,,,colligere,COLLIGERE,
salutare,194,,,,,,,
commettere,192,,,,,,,
rubare,192,,,,,,,
comunicare,191,,,,,,,
lamentare,191,,,,,,,
disegnare,190,,,,,,,
tradire,189,,,,,,,
accendere,188,,,,,,,
sparire,187,,,,,,,
attribuire,186,,,,,,,
distribuire,185,,,,,,,
lavare,185,,,,,,,
ricorrere,185,,,,,,,
riservare,185,,,,,,,
suscitare,185,,,,,,,
derivare,184,,,,,,,
resistere,184,,,,,,,
separare,184,,,,,,,
valutare,184,,,,,,,
avanzare,183,,,,,,,
scatenare,183,,,,,,,
celebrare,182,,,,,,,
ordinare,181,,,,,,,
replicare,181,,,,,,,
scoppiare,181,,,,,,,
basare,180,,,,,,,
interrogare,180,,,,,,,
smettere,180,,,,,,,
informare,179,,,,,,,
pronunciare,178,,,,,,,
diffondere,177,,,,,,,
fondare,174,,,,,,,
infilare,174,,,,,,,
bruciare,173,,,,,,,
ignorare,173,,,,,,,
individuare,173,,,,,,,
urlare,173,,,,,,,
chiarire,172,,,,,,,
contribuire,172,,,,,,,
esplodere,172,,,,,,,
manifestare,172,,,,,,,
reagire,170,,,,,,,
visitare,170,,,,,,,
comparire,169,,,,,,,
ribadire,169,,,,,,,
respingere,167,,,,,,,
sistemare,166,,,,,,,
apprezzare,163,,,,,,,
strappare,163,,,,,,,
esaminare,162,,,,,,,
introdurre,162,,,,,,,
promuovere,162,,,,,,,
ricostruire,162,,,,,,,
collegare,161,,,,,,,
risparmiare,160,,,,,,,
accontentare,159,,,,,,,
indagare,158,,,,,,,
protestare,158,,,,,,,
restituire,158,,,,,,,
sciogliere,158,,,,,,,
investire,157,,,,,,,
modificare,155,,,,,,,
scuotere,155,,,,,,,
smentire,155,,,,,,,
sopportare,154,,,,,,,
causare,153,,,,,,,
montare,153,,,,,,,
nominare,153,,,,,,,
scusare,153,,,,,,,
caratterizzare,152,,,,,,,
precipitare,152,,,,,,,
richiamare,152,,,,,,,
corrispondere,151,,,,,,,
esercitare,150,,,,,,,
sfiorare,150,,,,,,,
precedere,149,,,,,,,
prestare,149,,,,,,,
assegnare,148,,,,,,,
esibire,148,,,,,,,
sorprendere,147,,,,,,,
impiegare,146,,,,,,,
trascinare,146,,,,,,,
voltare,145,,,,,,,
sorgere,144,,,,,,,
convocare,143,,,,,,,
giustificare,143,,,,,,,
regolare,143,,,,,,,
svegliare,143,,,,,,,
mescolare,142,,,,,,,
calare,140,,,,,,,
intitolare,140,,,,,,,
reggere,140,,,,,,,
spettare,140,,,,,,,
terminare,140,,,,,,,
abbassare,139,,,,,,,
pesare,139,,,,,,,
rilevare,139,,,,,,,
distinguere,138,,,,,,,
iscrivere,138,,,,,,,
schierare,138,,,,,,,
condividere,137,,,,,,,
governare,137,,,,,,,
praticare,137,,,,,,,
attirare,136,,,,,,,
diminuire,136,,,,,,,
identificare,136,,,,,,,
procurare,136,,,,,,,
spegnere,136,,,,,,,
concentrare,135,,,,,,,
completare,134,,,,,,,
dipingere,134,,,,,,,
lottare,134,,,,,,,
tradurre,134,,,,,,,
approfittare,133,,,,,,,
inseguire,133,,,,,,,
cuocere,132,coquere,,,,coquere,COQUERE,
ricavare,132,,,,,,,
sfruttare,132,,,,,,,
staccare,132,,,,,,,
trasportare,132,,,,,,,
collocare,131,,,,,,,
sopravvivere,131,,,,,,,
rifare,130,,,,,,,
tacere,130,,,,,,,
udire,130,audire,,,,audire,AUDIRE,
ferire,129,,,,,,,
misurare,129,,,,,,,
spuntare,129,,,,,,,
indurre,128,,,,,,,
esclamare,127,,,,,,,
nutrire,127,,,,,,,
afferrare,126,,,,,,,
ammazzare,126,,,,,,,
scambiare,126,,,,,,,
scherzare,126,,,,,,,
affacciare,125,,,,,,,
anticipare,124,,,,,,,
consistere,124,,,,,,,
dispiacere,124,,,,,,,
provvedere,124,,,,,,,
sospettare,124,,,,,,,
sottrarre,124,,,,,,,
giurare,123,,,,,,,
illustrare,123,,,,,,,
innamorare,123,,,,,,,
mormorare,123,,,,,,,
augurare,122,,,,,,,
emettere,122,,,,,,,
ringraziare,122,,,,,,,
aggirare,121,,,,,,,
fallire,121,,,,,,,
illuminare,121,,,,,,,
levare,121,,,,,,,
spedire,121,,,,,,,
trattenere,121,,,,,,,
contestare,120,,,,,,,
rinviare,120,,,,,,,
baciare,119,,,,,,,
opporre,119,,,,,,,
confrontare,118,,,,,,,
sfilare,118,,,,,,,
stupire,117,,,,,,,
cacciare,116,,,,,,,
incassare,116,,,,,,,
respirare,116,,,,,,,
ripartire,116,,,,,,,
allargare,115,,,,,,,
collaborare,115,,,,,,,
confidare,115,,,,,,,
odiare,115,,,,,,,
posare,115,,,,,,,
premiare,115,,,,,,,
abbattere,114,,,,,,,
avvolgere,114,,,,,,,
circolare,114,,,,,,,
festeggiare,114,,,,,,,
rafforzare,114,,,,,,,
ricoprire,114,,,,,,,
scorrere,114,,,,,,,
ribattere,113,,,,,,,
allungare,112,,,,,,,
analizzare,111,,,,,,,
criticare,111,,,,,,,
figurare,111,,,,,,,
inaugurare,111,,,,,,,
perdonare,111,,,,,,,
sospendere,111,,,,,,,
ammirare,110,,,,,,,
calcolare,110,,,,,,,
riproporre,110,,,,,,,
spezzare,110,,,,,,,
alimentare,109,,,,,,,
sollecitare,109,,,,,,,
osare,108,,,,,,,
ricominciare,108,,,,,,,
soddisfare,108,,,,,,,
tracciare,108,,,,,,,
spaventare,107,,,,,,,
incominciare,106,,,,,,,
testimoniare,106,,,,,,,
abbracciare,105,,,,,,,
acquisire,105,,,,,,,
ballare,105,,,,,,,
sfidare,105,,,,,,,
accertare,104,,,,,,,
allenare,104,,,,,,,
catturare,104,,,,,,,
premere,104,,,,,,,
aderire,103,,,,,,,
rilasciare,103,,,,,,,
sbattere,103,,,,,,,
seppellire,103,,,,,,,
stampare,103,,,,,,,
crollare,102,,,,,,,
estendere,102,,,,,,,
fumare,102,,,,,,,
piegare,102,plicare,,,,plicare,PLICARE,
rinnovare,102,,,,,,,
obbligare,100,,,,,,,
badare,99,,,,,,,
estrarre,99,,,,,,,
rimandare,99,,,,,,,
scivolare,99,,,,,,,
aggredire,98,,,,,,,
coltivare,98,,,,,,,
picchiare,98,,,,,,,
scaricare,98,,,,,,,
scavare,98,,,,,,,
adattare,97,,,,,,,
cessare,97,,,,,,,
concordare,97,,,,,,,
fidare,97,,,,,,,
agitare,96,,,,,,,
autorizzare,96,,,,,,,
convenire,96,,,,,,,
dimettere,96,,,,,,,
invadere,96,,,,,,,
piazzare,96,,,,,,,
rilanciare,96,,,,,,,
istituire,95,,,,,,,
tremare,95,,,,,,,
elaborare,94,,,,,,,
rovinare,94,,,,,,,
sperimentare,94,,,,,,,
varare,94,,,,,,,
vietare,94,,,,,,,
accumulare,93,,,,,,,
caricare,93,,,,,,,
esitare,93,,,,,,,
raccomandare,93,,,,,,,
riprodurre,93,,,,,,,
sequestrare,93,,,,,,,
stendere,93,,,,,,,
sussurrare,93,,,,,,,
vantare,93,,,,,,,
esaltare,92,,,,,,,
sconfiggere,92,,,,,,,
soffocare,92,,,,,,,
trascurare,92,,,,,,,
dotare,91,,,,,,,
prevalere,91,,,,,,,
travolgere,91,,,,,,,
annullare,90,,,,,,,
mollare,90,,,,,,,
mutare,90,,,,,,,
approdare,89,,,,,,,
guarire,89,,,,,,,
progettare,89,,,,,,,
ricoverare,89,,,,,,,
intuire,88,,,,,,,
ipotizzare,88,,,,,,,
punire,88,,,,,,,
consultare,87,,,,,,,
finanziare,87,,,,,,,
intravedere,87,,,,,,,
tritare,87,,,,,,,
fotografare,86,,,,,,,
indirizzare,86,,,,,,,
supporre,86,,,,,,,
affiancare,85,,,,,,,
arricchire,85,,,,,,,
condizionare,85,,,,,,,
piantare,85,,,,,,,
svelare,85,,,,,,,
constatare,84,,,,,,,
piovere,84,,,,,,,
correggere,83,,,,,,,
fingere,83,,,,,,,
schiacciare,83,,,,,,,
invocare,82,,,,,,,
moltiplicare,82,,,,,,,
combinare,81,,,,,,,
depositare,81,,,,,,,
incaricare,81,,,,,,,
percepire,81,,,,,,,
appendere,80,,,,,,,
confondere,80,,,,,,,
penetrare,80,,,,,,,
riassumere,80,,,,,,,
violentare,80,,,,,,,
adorare,79,,,,,,,
assorbire,79,,,,,,,
disputare,79,,,,,,,
includere,79,,,,,,,
riposare,79,,,,,,,
rovesciare,79,,,,,,,
disturbare,78,,,,,,,
incidere,78,,,,,,,
associare,77,,,,,,,
assomigliare,77,,,,,,,
attuare,77,,,,,,,
illudere,77,,,,,,,
stimolare,76,,,,,,,
accennare,75,,,,,,,
attrarre,75,,,,,,,
bocciare,75,,,,,,,
gradire,75,,,,,,,
incoraggiare,75,,,,,,,
ragionare,75,,,,,,,
ripensare,75,,,,,,,
violare,75,,,,,,,
volgere,75,,,,,,,
adeguare,74,,,,,,,
allestire,74,,,,,,,
scorgere,74,,,,,,,
spiccare,74,,,,,,,
affondare,73,,,,,,,
candidare,73,,,,,,,
decorare,73,,,,,,,
facilitare,73,,,,,,,
frenare,73,,,,,,,
accelerare,72,,,,,,,
affrettare,72,,,,,,,
alternare,72,,,,,,,
comandare,72,,,,,,,
evocare,72,,,,,,,
faticare,72,,,,,,,
spargere,72,,,,,,,
abituare,71,,,,,,,
approfondire,71,,,,,,,
asciugare,71,,,,,,,
esaurire,71,,,,,,,
immergere,71,,,,,,,
incrociare,71,,,,,,,
pentire,71,,,,,,,
proclamare,71,,,,,,,
somigliare,71,,,,,,,
svanire,71,,,,,,,
indire,70,,,,,,,
intrecciare,70,,,,,,,
rallentare,70,,,,,,,
tutelare,70,,,,,,,
annuire,69,,,,,,,
contrastare,69,,,,,,,
cucinare,69,,,,,,,
maturare,69,,,,,,,
parcheggiare,69,,,,,,,
danneggiare,68,,,,,,,
esagerare,68,,,,,,,
proiettare,68,,,,,,,
concepire,67,,,,,,,
dettare,67,,,,,,,
evidenziare,67,,,,,,,
licenziare,67,,,,,,,
liquidare,67,,,,,,,
pescare,67,,,,,,,
rimproverare,67,,,,,,,
variare,67,,,,,,,
assassinare,66,,,,,,,
imboccare,66,,,,,,,
imitare,66,,,,,,,
rivendicare,66,,,,,,,
applaudire,65,,,,,,,
assolvere,65,,,,,,,
esigere,65,,,,,,,
sospirare,65,,,,,,,
accostare,64,,,,,,,
confezionare,64,,,,,,,
donare,64,,,,,,,
installare,64,,,,,,,
offendere,64,,,,,,,
orientare,64,,,,,,,
rassegnare,64,,,,,,,
rimuovere,64,,,,,,,
sancire,64,,,,,,,
soffiare,64,,,,,,,
influenzare,63,,,,,,,
innescare,63,,,,,,,
programmare,63,,,,,,,
conseguire,62,,,,,,,
dubitare,62,,,,,,,
predisporre,62,,,,,,,
sommare,62,,,,,,,
varcare,62,,,,,,,
abolire,61,,,,,,,
accedere,61,,,,,,,
esordire,61,,,,,,,
filtrare,61,,,,,,,
intervistare,61,,,,,,,
prevenire,61,,,,,,,
svuotare,61,,,,,,,
turbare,61,,,,,,,
accentuare,60,,,,,,,
animare,60,,,,,,,
calmare,60,,,,,,,
coordinare,60,,,,,,,
elencare,60,,,,,,,
spaccare,60,,,,,,,
sprecare,60,,,,,,,
allevare,59,,,,,,,
attivare,59,,,,,,,
bussare,59,,,,,,,
generare,59,,,,,,,
accarezzare,58,,,,,,,
brillare,58,,,,,,,
conferire,58,,,,,,,
debuttare,58,,,,,,,
fondere,58,fundere,,,,fundere,FUNDERE,
formulare,58,,,,,,,
litigare,58,,,,,,,
mirare,58,,,,,,,
ricercare,58,,,,,,,
ridare,58,,,,,,,
riparare,58,,,,,,,
rivestire,58,,,,,,,
sacrificare,58,,,,,,,
scaldare,58,,,,,,,
accorrere,57,,,,,,,
divorare,57,,,,,,,
ereditare,57,,,,,,,
impazzire,57,,,,,,,
implicare,57,,,,,,,
penalizzare,57,,,,,,,
prolungare,57,,,,,,,
ristrutturare,57,,,,,,,
sedurre,57,,,,,,,
sforzare,57,,,,,,,
ammalare,56,,,,,,,
arrabbiare,56,,,,,,,
aspirare,56,,,,,,,
gonfiare,56,,,,,,,
mentire,56,,,,,,,
nuotare,56,,,,,,,
sbarcare,56,,,,,,,
scadere,56,,,,,,,
armare,55,,,,,,,
arrampicare,54,,,,,,,
centrare,54,,,,,,,
consolare,54,,,,,,,
esplorare,54,,,,,,,
integrare,54,,,,,,,
intraprendere,54,,,,,,,
rassicurare,54,,,,,,,
stimare,54,,,,,,,
peggiorare,53,,,,,,,
privare,53,,,,,,,
rapire,53,,,,,,,
risentire,53,,,,,,,
selezionare,53,,,,,,,
tollerare,53,,,,,,,
accordare,52,,,,,,,
addormentare,52,,,,,,,
ambientare,52,,,,,,,
bagnare,52,,,,,,,
complicare,52,,,,,,,
forzare,52,,,,,,,
isolare,52,,,,,,,
ribellare,52,,,,,,,
spazzare,52,,,,,,,
tormentare,52,,,,,,,
ammonire,51,,,,,,,
chiacchierare,51,,,,,,,
contrarre,51,,,,,,,
deludere,51,,,,,,,
emanare,51,,,,,,,
incalzare,51,,,,,,,
passeggiare,51,,,,,,,
porgere,51,,,,,,,
privilegiare,51,,,,,,,
pulire,51,,,,,,,
riscontrare,51,,,,,,,
scandire,51,,,,,,,
scaturire,51,,,,,,,
valorizzare,51,,,,,,,
colmare,50,,,,,,,
convertire,50,,,,,,,
ritrarre,50,,,,,,,
scrutare,50,,,,,,,
stancare,50,,,,,,,
deporre,49,,,,,,,
detenere,49,,,,,,,
fiorire,49,,,,,,,
insediare,49,,,,,,,
invecchiare,49,,,,,,,
raffigurare,49,,,,,,,
rimpiangere,49,,,,,,,
risvegliare,49,,,,,,,
scontrare,49,,,,,,,
sottovalutare,49,,,,,,,
sovrapporre,49,,,,,,,
trionfare,49,,,,,,,
balzare,48,,,,,,,
contrapporre,48,,,,,,,
copiare,48,,,,,,,
impostare,48,,,,,,,
indovinare,48,,,,,,,
navigare,48,,,,,,,
rimediare,48,,,,,,,
risiedere,48,,,,,,,
salare,48,,,,,,,
soffermare,48,,,,,,,
adoperare,47,,,,,,,
celare,47,,,,,,,
compromettere,47,,,,,,,
contendere,47,,,,,,,
danzare,47,,,,,,,
detestare,47,,,,,,,
mobilitare,47,,,,,,,
oscillare,47,,,,,,,
spogliare,47,,,,,,,
avvisare,46,,,,,,,
chinare,46,,,,,,,
classificare,46,,,,,,,
comperare,46,,,,,,,
custodire,46,,,,,,,
educare,46,,,,,,,
fabbricare,46,,,,,,,
gustare,46,,,,,,,
impugnare,46,,,,,,,
infrangere,46,,,,,,,
invidiare,46,,,,,,,
lawreare,46,,,,,,,
ostacolare,46,,,,,,,
prelevare,46,,,,,,,
prescrivere,46,,,,,,,
processare,46,,,,,,,
rintracciare,46,,,,,,,
tuffare,46,,,,,,,
alludere,45,,,,,,,
contemplare,45,,,,,,,
fronteggiare,45,,,,,,,
insinuare,45,,,,,,,
marciare,45,,,,,,,
narrare,45,,,,,,,
partorire,45,,,,,,,
perseguire,45,,,,,,,
raddoppiare,45,,,,,,,
ruotare,45,,,,,,,
sorvegliare,45,,,,,,,
tuonare,45,,,,,,,
affascinare,44,,,,,,,
assalire,44,,,,,,,
emigrare,44,,,,,,,
massacrare,44,,,,,,,
meravigliare,44,,,,,,,
motivare,44,,,,,,,
regnare,44,,,,,,,
sfogliare,44,,,,,,,
collezionare,43,,,,,,,
consolidare,43,,,,,,,
espellere,43,,,,,,,
imbarcare,43,,,,,,,
inghiottire,43,,,,,,,
paragonare,43,,,,,,,
piombare,43,,,,,,,
prenotare,43,,,,,,,
salvaguardare,43,,,,,,,
sbucciare,43,,,,,,,
soccorrere,43,,,,,,,
sorreggere,43,,,,,,,
spalancare,43,,,,,,,
vendicare,43,,,,,,,
aggiudicare,42,,,,,,,
atterrare,42,,,,,,,
auspicare,42,,,,,,,
compilare,42,,,,,,,
consacrare,42,,,,,,,
destare,42,,,,,,,
filare,42,,,,,,,
mordere,42,,,,,,,
proibire,42,,,,,,,
scavalcare,42,,,,,,,
scordare,42,,,,,,,
seminare,42,,,,,,,
sfogare,42,,,,,,,
allineare,41,,,,,,,
amministrare,41,,,,,,,
contattare,41,,,,,,,
decretare,41,,,,,,,
imprimere,41,,,,,,,
indebolire,41,,,,,,,
patire,41,,,,,,,
preannunciare,41,,,,,,,
qualificare,41,,,,,,,
restaurare,41,,,,,,,
riscuotere,41,,,,,,,
scontare,41,,,,,,,
sfondare,41,,,,,,,
specificare,41,,,,,,,
accomunare,40,,,,,,,
ampliare,40,,,,,,,
demolire,40,,,,,,,
documentare,40,,,,,,,
equivalere,40,,,,,,,
giovare,40,,,,,,,
ideare,40,,,,,,,
irritare,40,,,,,,,
predicare,40,,,,,,,
scagliare,40,,,,,,,
scartare,40,,,,,,,
scoraggiare,40,,,,,,,
sprofondare,40,,,,,,,
affittare,39,,,,,,,
affollare,39,,,,,,,
aggiornare,39,,,,,,,
archiviare,39,,,,,,,
assaporare,39,,,,,,,
attestare,39,,,,,,,
benedire,39,,,,,,,
cucire,39,,,,,,,
designare,39,,,,,,,
digerire,39,,,,,,,
intrattenere,39,,,,,,,
profilare,39,,,,,,,
prospettare,39,,,,,,,
sbilanciare,39,,,,,,,
sintetizzare,39,,,,,,,
stroncare,39,,,,,,,
sudare,39,,,,,,,
accomodare,38,,,,,,,
affliggere,38,,,,,,,
aggravare,38,,,,,,,
annotare,38,,,,,,,
fischiare,38,,,,,,,
improvvisare,38,,,,,,,
infliggere,38,,,,,,,
obbedire,38,,,,,,,
paralizzare,38,,,,,,,
radunare,38,,,,,,,
reclamare,38,,,,,,,
rincorrere,38,,,,,,,
saldare,38,,,,,,,
sbloccare,38,,,,,,,
accrescere,37,,,,,,,
alloggiare,37,,,,,,,
compensare,37,,,,,,,
discendere,37,,,,,,,
distrarre,37,,,,,,,
ingoiare,37,,,,,,,
invertire,37,,,,,,,
mascherare,37,,,,,,,
pedalare,37,,,,,,,
raffreddare,37,,,,,,,
scolpire,37,,,,,,,
sporgere,37,,,,,,,
vigilare,37,,,,,,,
adagiare,36,,,,,,,
affiorare,36,,,,,,,
ammorbidire,36,,,,,,,
arredare,36,,,,,,,
competere,36,,,,,,,
connettere,36,,,,,,,
decollare,36,,,,,,,
frugare,36,,,,,,,
inchiodare,36,,,,,,,
incorporare,36,,,,,,,
inquadrare,36,,,,,,,
instaurare,36,,,,,,,
optare,36,,,,,,,
pilotare,36,,,,,,,
privatizzare,36,,,,,,,
rammentare,36,,,,,,,
ribattezzare,36,,,,,,,
riformare,36,,,,,,,
riporre,36,,,,,,,
ripulire,36,,,,,,,
slittare,36,,,,,,,
spiare,36,,,,,,,
stanziare,36,,,,,,,
stipulare,36,,,,,,,
umiliare,36,,,,,,,
abbinare,35,,,,,,,
aggrappare,35,,,,,,,
appassionare,35,,,,,,,
apprestare,35,,,,,,,
bombardare,35,,,,,,,
cenare,35,,,,,,,
concorrere,35,,,,,,,
divorziare,35,,,,,,,
grattugiare,35,,,,,,,
incombere,35,,,,,,,
interpellare,35,,,,,,,
mondare,35,,,,,,,
ricreare,35,,,,,,,
ridimensionare,35,,,,,,,
rievocare,35,,,,,,,
ripresentare,35,,,,,,,
riscaldare,35,,,,,,,
smontare,35,,,,,,,
spacciare,35,,,,,,,
squalificare,35,,,,,,,
stentare,35,,,,,,,
stilare,35,,,,,,,
supplicare,35,,,,,,,
attenuare,34,,,,,,,
azzardare,34,,,,,,,
deviare,34,,,,,,,
disperare,34,,,,,,,
immortalare,34,,,,,,,
influire,34,,,,,,,
ingaggiare,34,,,,,,,
ingannare,34,,,,,,,
inquisire,34,,,,,,,
masticare,34,,,,,,,
meditare,34,,,,,,,
pareggiare,34,,,,,,,
perseguitare,34,,,,,,,
placare,34,,,,,,,
relegare,34,,,,,,,
riversare,34,,,,,,,
simulare,34,,,,,,,
assecondare,33,,,,,,,
assediare,33,,,,,,,
commuovere,33,,,,,,,
condire,33,,,,,,,
eccitare,33,,,,,,,
entusiasmare,33,,,,,,,
minimizzare,33,,,,,,,
obiettare,33,,,,,,,
onorare,33,,,,,,,
perfezionare,33,,,,,,,
potenziare,33,,,,,,,
presidiare,33,,,,,,,
presumere,33,,,,,,,
ricomporre,33,,,,,,,
rimbalzare,33,,,,,,,
ristabilire,33,,,,,,,
rivoluzionare,33,,,,,,,
scongiurare,33,,,,,,,
trapelare,33,,,,,,,
aggiustare,32,,,,,,,
confinare,32,,,,,,,
coronare,32,,,,,,,
dedurre,32,,,,,,,
delineare,32,,,,,,,
esportare,32,,,,,,,
infuriare,32,,,,,,,
popolare,32,,,,,,,
redigere,32,,,,,,,
revocare,32,,,,,,,
riconfermare,32,,,,,,,
rilassare,32,,,,,,,
risuonare,32,,,,,,,
ritardare,32,,,,,,,
sborsare,32,,,,,,,
sbottare,32,,,,,,,
scortare,32,,,,,,,
sentenziare,32,,,,,,,
smarrire,32,,,,,,,
torturare,32,,,,,,,
usufruire,32,,,,,,,
alterare,31,,,,,,,
commissionare,31,,,,,,,
concernere,31,,,,,,,
confluire,31,,,,,,,
delinquere,31,,,,,,,
dibattere,31,,,,,,,
fruttare,31,,,,,,,
indugiare,31,,,,,,,
insultare,31,,,,,,,
intestare,31,,,,,,,
pestare,31,,,,,,,
profumare,31,,,,,,,
rallegrare,31,,,,,,,
reprimere,31,,,,,,,
rileggere,31,,,,,,,
sfoggiare,31,,,,,,,
tralasciare,31,,,,,,,
tramontare,31,,,,,,,
agganciare,30,,,,,,,
arrossire,30,,,,,,,
beccare,30,,,,,,,
calpestare,30,,,,,,,
confortare,30,,,,,,,
coniugare,30,,,,,,,
disprezzare,30,,,,,,,
immettere,30,,,,,,,
incantare,30,,,,,,,
pendere,30,,,,,,,
ricamare,30,,,,,,,
riprovare,30,,,,,,,
sbrigare,30,,,,,,,
scandalizzare,30,,,,,,,
scrollare,30,,,,,,,
somministrare,30,,,,,,,
vibrare,30,,,,,,,
affettare,29,,,,,,,
aleggiare,29,,,,,,,
ammontare,29,,,,,,,
avvelenare,29,,,,,,,
battezzare,29,,,,,,,
colorare,29,,,,,,,
conciliare,29,,,,,,,
culminare,29,,,,,,,
dimezzare,29,,,,,,,
disfare,29,,,,,,,
evadere,29,,,,,,,
evolvere,29,,,,,,,
impiccare,29,,,,,,,
incarnare,29,,,,,,,
insorgere,29,,,,,,,
ostentare,29,,,,,,,
pepare,29,,,,,,,
protrarre,29,,,,,,,
riacquistare,29,,,,,,,
rialzare,29,,,,,,,
riconquistare,29,,,,,,,
rifornire,29,,,,,,,
ripiegare,29,,,,,,,
rispecchiare,29,,,,,,,
rotolare,29,,,,,,,
scolare,29,,,,,,,
sorvolare,29,,,,,,,
sovrastare,29,,,,,,,
subentrare,29,,,,,,,
sventolare,29,,,,,,,
targare,29,,,,,,,
tessere,29,,,,,,,
tranquillizzare,29,,,,,,,
alleviare,28,,,,,,,
annoiare,28,,,,,,,
astenere,28,,,,,,,
bollire,28,,,,,,,
contraddire,28,,,,,,,
esortare,28,,,,,,,
frullare,28,,,,,,,
immobilizzare,28,,,,,,,
infastidire,28,,,,,,,
intonare,28,,,,,,,
polemizzare,28,,,,,,,
puntualizzare,28,,,,,,,
rimpiazzare,28,,,,,,,
scacciare,28,,,,,,,
smaltire,28,,,,,,,
smantellare,28,,,,,,,
aggregare,27,,,,,,,
assestare,27,,,,,,,
attrezzare,27,,,,,,,
azzerare,27,,,,,,,
borbottare,27,,,,,,,
cavare,27,,,,,,,
devastare,27,,,,,,,
diffidare,27,,,,,,,
grattare,27,,,,,,,
gravare,27,,,,,,,
guastare,27,,,,,,,
impartire,27,,,,,,,
imputare,27,,,,,,,
inquinare,27,,,,,,,
insaporire,27,,,,,,,
modellare,27,,,,,,,
notificare,27,,,,,,,
ricambiare,27,,,,,,,
ricondurre,27,,,,,,,
ritagliare,27,,,,,,,
sbocciare,27,,,,,,,
sdraiare,27,,,,,,,
seguitare,27,,,,,,,
sfumare,27,,,,,,,
spaziare,27,,,,,,,
sponsorizzare,27,,,,,,,
spruzzare,27,,,,,,,
succhiare,27,,,,,,,
vagare,27,,,,,,,
vanificare,27,,,,,,,
avventurare,26,,,,,,,
corteggiare,26,,,,,,,
decifrare,26,,,,,,,
fregare,26,,,,,,,
impressionare,26,,,,,,,
incitare,26,,,,,,,
intimare,26,,,,,,,
irrigidire,26,,,,,,,
necessitare,26,,,,,,,
ribaltare,26,,,,,,,
ricalcare,26,,,,,,,
sbucare,26,,,,,,,
seccare,26,,,,,,,
spartire,26,,,,,,,
spianare,26,,,,,,,
strofinare,26,,,,,,,
terrorizzare,26,,,,,,,
vacillare,26,,,,,,,
abortire,25,,,,,,,
allarmare,25,,,,,,,
azzeccare,25,,,,,,,
beneficiare,25,,,,,,,
cimentare,25,,,,,,,
congelare,25,,,,,,,
decadere,25,,,,,,,
elevare,25,,,,,,,
estinguere,25,,,,,,,
innalzare,25,,,,,,,
intaccare,25,,,,,,,
macchiare,25,,,,,,,
macinare,25,,,,,,,
mischiare,25,,,,,,,
ossessionare,25,,,,,,,
pranzare,25,,,,,,,
raggruppare,25,,,,,,,
ripristinare,25,,,,,,,
rivoltare,25,,,,,,,
scampare,25,,,,,,,
scomporre,25,,,,,,,
smascherare,25,,,,,,,
strizzare,25,,,,,,,
tramutare,25,,,,,,,
agevolare,24,,,,,,,
alleggerire,24,,,,,,,
arginare,24,,,,,,,
assaltare,24,,,,,,,
attenere,24,,,,,,,
balbettare,24,,,,,,,
bollare,24,,,,,,,
declinare,24,,,,,,,
dileguare,24,,,,,,,
disertare,24,,,,,,,
erogare,24,,,,,,,
fidanzare,24,,,,,,,
gareggiare,24,,,,,,,
incastrare,24,,,,,,,
incrementare,24,,,,,,,
intensificare,24,,,,,,,
intercettare,24,,,,,,,
irrompere,24,,,,,,,
manovrare,24,,,,,,,
oscurare,24,,,,,,,
poggiare,24,,,,,,,
rapinare,24,,,,,,,
rigirare,24,,,,,,,
rinnegare,24,,,,,,,
riscattare,24,,,,,,,
scottare,24,,,,,,,
sfoderare,24,,,,,,,
sfornare,24,,,,,,,
spremere,24,,,,,,,
strisciare,24,,,,,,,
truccare,24,,,,,,,
vigere,24,,,,,,,
acconsentire,23,,,,,,,
annegare,23,,,,,,,
appesantire,23,,,,,,,
assaggiare,23,,,,,,,
capovolgere,23,,,,,,,
contagiare,23,,,,,,,
convogliare,23,,,,,,,
dialogare,23,,,,,,,
differire,23,,,,,,,
dilatare,23,,,,,,,
dimagrire,23,,,,,,,
disseminare,23,,,,,,,
drogare,23,,,,,,,
galleggiare,23,,,,,,,
gemere,23,,,,,,,
incendiare,23,,,,,,,
incriminare,23,,,,,,,
ingrassare,23,,,,,,,
inoltrare,23,,,,,,,
interferire,23,,,,,,,
ironiddzare,23,,,,,,,
naufragare,23,,,,,,,
occultare,23,,,,,,,
oltrepassare,23,,,,,,,
presupporre,23,,,,,,,
raddrizzare,23,,,,,,,
riciclare,23,,,,,,,
risaltare,23,,,,,,,
ritrattare,23,,,,,,,
sbandierare,23,,,,,,,
sbarrare,23,,,,,,,
schiantare,23,,,,,,,
scostare,23,,,,,,,
scovare,23,,,,,,,
singhiozzare,23,,,,,,,
sopprimere,23,,,,,,,
sprigionare,23,,,,,,,
squillare,23,,,,,,,
stemperare,23,,,,,,,
tardare,23,,,,,,,
urtare,23,,,,,,,
abbondare,22,,,,,,,
annientare,22,,,,,,,
articolare,22,,,,,,,
asportare,22,,,,,,,
bandire,22,,,,,,,
condensare,22,,,,,,,
divulgare,22,,,,,,,
incappare,22,,,,,,,
inchinare,22,,,,,,,
incollare,22,,,,,,,
inondare,22,,,,,,,
intimidire,22,,,,,,,
menare,22,,,,,,,
parare,22,,,,,,,
preservare,22,,,,,,,
ripagare,22,,,,,,,
ripescare,22,,,,,,,
sconsigliare,22,,,,,,,
semplificare,22,,,,,,,
siglare,22,,,,,,,
spirare,22,,,,,,,
sputare,22,,,,,,,
strangolare,22,,,,,,,
ultimare,22,,,,,,,
abusare,21,,,,,,,
acchiappare,21,,,,,,,
accoppiare,21,,,,,,,
accudire,21,,,,,,,
addestrare,21,,,,,,,
allacciare,21,,,,,,,
allegare,21,,,,,,,
apportare,21,,,,,,,
arretrare,21,,,,,,,
arruolare,21,,,,,,,
cavalcare,21,,,,,,,
decedere,21,,,,,,,
degenerare,21,,,,,,,
dilagare,21,,,,,,,
dirottare,21,,,,,,,
evaporare,21,,,,,,,
filmare,21,,,,,,,
implorare,21,,,,,,,
incrinare,21,,,,,,,
indignare,21,,,,,,,
intascare,21,,,,,,,
legittimare,21,,,,,,,
maneggiare,21,,,,,,,
marcare,21,,,,,,,
medicare,21,,,,,,,
opprimere,21,,,,,,,
rimborsare,21,,,,,,,
rivalutare,21,,,,,,,
rivendere,21,,,,,,,
soggiungere,21,,,,,,,
tingere,21,,,,,,,
transitare,21,,,,,,,
accantonare,20,,,,,,,
affannare,20,,,,,,,
allentare,20,,,,,,,
amalgamare,20,,,,,,,
ancorare,20,,,,,,,
annusare,20,,,,,,,
balenare,20,,,,,,,
campeggiare,20,,,,,,,
coccolare,20,,,,,,,
coricare,20,,,,,,,
delegare,20,,,,,,,
diluire,20,,,,,,,
elargire,20,,,,,,,
friggere,20,,,,,,,
imprigionare,20,,,,,,,
incuriosire,20,,,,,,,
infiammare,20,,,,,,,
issare,20,,,,,,,
localizzare,20,,,,,,,
minare,20,,,,,,,
munire,20,,,,,,,
perquisire,20,,,,,,,
persuadere,20,,,,,,,
pianificare,20,,,,,,,
prosperare,20,,,,,,,
pubblicizzare,20,,,,,,,
pungere,20,,,,,,,
rabbrividire,20,,,,,,,
riaffermare,20,,,,,,,
riapparire,20,,,,,,,
risarcire,20,,,,,,,
schizzare,20,,,,,,,
sfociare,20,,,,,,,
sgomberare,20,,,,,,,
simboleggiare,20,,,,,,,
snodare,20,,,,,,,
sottomettere,20,,,,,,,
spalmare,20,,,,,,,
stravolgere,20,,,,,,,
stuzzicare,20,,,,,,,
accampare,19,,,,,,,
accreditare,19,,,,,,,
affogare,19,,,,,,,
arrangiare,19,,,,,,,
assimilare,19,,,,,,,
avallare,19,,,,,,,
avvantaggiare,19,,,,,,,
avvistare,19,,,,,,,
calzare,19,,,,,,,
catalogare,19,,,,,,,
collaudare,19,,,,,,,
congedare,19,,,,,,,
eccedere,19,,,,,,,
edificare,19,,,,,,,
esultare,19,,,,,,,
fiutare,19,,,,,,,
imperversare,19,,,,,,,
incoronare,19,,,,,,,
infiltrare,19,,,,,,,
innestare,19,,,,,,,
mediare,19,,,,,,,
percuotere,19,,,,,,,
radere,19,,,,,,,
reperire,19,,,,,,,
riparlare,19,,,,,,,
ripassare,19,,,,,,,
risanare,19,,,,,,,
risucchiare,19,,,,,,,
sbirciare,19,,,,,,,
scagionare,19,,,,,,,
sgocciolare,19,,,,,,,
stirare,19,,,,,,,
strillare,19,,,,,,,
tastare,19,,,,,,,
trainare,19,,,,,,,
travestire,19,,,,,,,
vegliare,19,,,,,,,
abbellire,18,,,,,,,
accecare,18,,,,,,,
addensare,18,,,,,,,
annoverare,18,,,,,,,
beffare,18,,,,,,,
braccare,18,,,,,,,
captare,18,,,,,,,
covare,18,,,,,,,
denominare,18,,,,,,,
deprimere,18,,,,,,,
dondolare,18,,,,,,,
enfatizzare,18,,,,,,,
esorcizzare,18,,,,,,,
frantumare,18,,,,,,,
fulminare,18,,,,,,,
incolpare,18,,,,,,,
intrappolare,18,,,,,,,
lessare,18,,,,,,,
molestare,18,,,,,,,
negoziare,18,,,,,,,
ostinare,18,,,,,,,
predire,18,,,,,,,
quotare,18,,,,,,,
ratificare,18,,,,,,,
riorganizzare,18,,,,,,,
sanare,18,,,,,,,
sferrare,18,,,,,,,
sgusciare,18,,,,,,,
smorzare,18,,,,,,,
sopraggiungere,18,,,,,,,
soprannominare,18,,,,,,,
specializzare,18,,,,,,,
stregare,18,,,,,,,
tamponare,18,,,,,,,
traslocare,18,,,,,,,
ubbidire,18,,,,,,,
ubriacare,18,,,,,,,
vuotare,18,,,,,,,
abbozzare,17,,,,,,,
additare,17,,,,,,,
agguantare,17,,,,,,,
alleare,17,,,,,,,
appurare,17,,,,,,,
architettare,17,,,,,,,
azionare,17,,,,,,,
barcollare,17,,,,,,,
capeggiare,17,,,,,,,
cingere,17,,,,,,,
conficcare,17,,,,,,,
coniare,17,,,,,,,
conversare,17,,,,,,,
curiosare,17,,,,,,,
derubare,17,,,,,,,
diplomare,17,,,,,,,
disarmare,17,,,,,,,
dissociare,17,,,,,,,
divampare,17,,,,,,,
dolere,17,dolere,,,,dolere,DOLERE,
echeggiare,17,,,,,,,
fasciare,17,,,,,,,
fremere,17,,,,,,,
giustiziare,17,,,,,,,
imbrogliare,17,,,,,,,
impallidire,17,,,,,,,
imprecare,17,,,,,,,
inciampare,17,,,,,,,
innaffiare,17,,,,,,,
insospettire,17,,,,,,,
lacerare,17,,,,,,,
leccare,17,,,,,,,
logorare,17,,,,,,,
maltrattare,17,,,,,,,
mortificare,17,,,,,,,
noleggiare,17,,,,,,,
peccare,17,,,,,,,
pregiudicare,17,,,,,,,
prescindere,17,,,,,,,
recapitare,17,,,,,,,
requisire,17,,,,,,,
ricattare,17,,,,,,,
rifilare,17,,,,,,,
sanguinare,17,,,,,,,
scaraventare,17,,,,,,,
schiarire,17,,,,,,,
sciare,17,,,,,,,
sciupare,17,,,,,,,
serpeggiare,17,,,,,,,
serrare,17,,,,,,,
setacciare,17,,,,,,,
sgranare,17,,,,,,,
sintonizzare,17,,,,,,,
solcare,17,,,,,,,
sostare,17,,,,,,,
speculare,17,,,,,,,
storcere,17,,,,,,,
stracciare,17,,,,,,,
svenire,17,,,,,,,
teorizzare,17,,,,,,,
torcere,17,,,,,,,
traboccare,17,,,,,,,
trapiantare,17,,,,,,,
trasparire,17,,,,,,,
abbagliare,16,,,,,,,
accaparrare,16,,,,,,,
accorciare,16,,,,,,,
addentrare,16,,,,,,,
affluire,16,,,,,,,
ansimare,16,,,,,,,
colare,16,,,,,,,
congiungere,16,,,,,,,
contrassegnare,16,,,,,,,
corredare,16,,,,,,,
costeggiare,16,,,,,,,
datare,16,,,,,,,
decapitare,16,,,,,,,
delimitare,16,,,,,,,
disdegnare,16,,,,,,,
doppiare,16,,,,,,,
emarginare,16,,,,,,,
esasperare,16,,,,,,,
essiccare,16,,,,,,,
fantasticare,16,,,,,,,
finalizzare,16,,,,,,,
impastare,16,,,,,,,
infierire,16,,,,,,,
massaggiare,16,,,,,,,
neutralizzare,16,,,,,,,
ravvivare,16,,,,,,,
recidere,16,,,,,,,
resuscitare,16,,,,,,,
ricredere,16,,,,,,,
rincarare,16,,,,,,,
rincuorare,16,,,,,,,
rispedire,16,,,,,,,
rispolverare,16,,,,,,,
rodere,16,,,,,,,
russare,16,,,,,,,
scalfire,16,,,,,,,
sfigurare,16,,,,,,,
tempestare,16,,,,,,,
tifare,16,,,,,,,
tramandare,16,,,,,,,
troncare,16,,,,,,,
ufficializzare,16,,,,,,,
accavallare,15,,,,,,,
addolcire,15,,,,,,,
affilare,15,,,,,,,
appagare,15,,,,,,,
appostare,15,,,,,,,
appropriare,15,,,,,,,
arrotolare,15,,,,,,,
avverare,15,,,,,,,
bersagliare,15,,,,,,,
calcare,15,,,,,,,
campare,15,,,,,,,
cascare,15,,,,,,,
cibare,15,,,,,,,
circoscrivere,15,,,,,,,
commercializzare,15,,,,,,,
configurare,15,,,,,,,
convergere,15,,,,,,,
deridere,15,,,,,,,
disciplinare,15,,,,,,,
dislocare,15,,,,,,,
domare,15,,,,,,,
ergere,15,,,,,,,
ficcare,15,,,,,,,
formalizzare,15,,,,,,,
gelare,15,,,,,,,
gioire,15,,,,,,,
gratificare,15,,,,,,,
inferire,15,,,,,,,
innervosire,15,,,,,,,
ipnotizzare,15,,,,,,,
lievitare,15,,,,,,,
menzionare,15,,,,,,,
mitigare,15,,,,,,,
ondeggiare,15,,,,,,,
ornare,15,,,,,,,
pigliare,15,,,,,,,
pressare,15,,,,,,,
recepire,15,,,,,,,
reclutare,15,,,,,,,
ricostituire,15,,,,,,,
ritoccare,15,,,,,,,
rosolare,15,,,,,,,
scomodare,15,,,,,,,
sconcertare,15,,,,,,,
sfrecciare,15,,,,,,,
sgridare,15,,,,,,,
snobbare,15,,,,,,,
splendere,15,,,,,,,
sterminare,15,,,,,,,
stuprare,15,,,,,,,
tappezzare,15,,,,,,,
velare,15,,,,,,,
vomitare,15,,,,,,,
accanire,14,,,,,,,
adempiere,14,,,,,,,
adibire,14,,,,,,,
affezionare,14,,,,,,,
affinare,14,,,,,,,
annettere,14,,,,,,,
appuntare,14,,,,,,,
arrancare,14,,,,,,,
brontolare,14,,,,,,,
bucare,14,,,,,,,
canticchiare,14,,,,,,,
catapultare,14,,,,,,,
concretizzare,14,,,,,,,
deliberare,14,,,,,,,
desistere,14,,,,,,,
diagnosticare,14,,,,,,,
dissipare,14,,,,,,,
distaccare,14,,,,,,,
esiliare,14,,,,,,,
espandere,14,,,,,,,
evacuare,14,,,,,,,
fugare,14,,,,,,,
graffiare,14,,,,,,,
gravitare,14,,,,,,,
imbottire,14,,,,,,,
impersonare,14,,,,,,,
incentivare,14,,,,,,,
incorniciare,14,,,,,,,
ingrandire,14,,,,,,,
insidiare,14,,,,,,,
intiepidire,14,,,,,,,
irradiare,14,,,,,,,
irrorare,14,,,,,,,
lodare,14,,,,,,,
manipolare,14,,,,,,,
mimetizzare,14,,,,,,,
moderare,14,,,,,,,
offuscare,14,,,,,,,
planare,14,,,,,,,
prefigurare,14,,,,,,,
protendere,14,,,,,,,
purificare,14,,,,,,,
reputare,14,,,,,,,
riaffiorare,14,,,,,,,
rigenerare,14,,,,,,,
ronzare,14,,,,,,,
scongelare,14,,,,,,,
sfamare,14,,,,,,,
sfrattare,14,,,,,,,
sigillare,14,,,,,,,
snaturare,14,,,,,,,
strozzare,14,,,,,,,
stufare,14,,,,,,,
svoltare,14,,,,,,,
traversare,14,,,,,,,
vagliare,14,,,,,,,
abboccare,13,,,,,,,
accollare,13,,,,,,,
affaticare,13,,,,,,,
affiggere,13,,,,,,,
affrancare,13,,,,,,,
ammanettare,13,,,,,,,
apparecchiare,13,,,,,,,
appartare,13,,,,,,,
appiattire,13,,,,,,,
approntare,13,,,,,,,
assottigliare,13,,,,,,,
avventare,13,,,,,,,
barricare,13,,,,,,,
biasimare,13,,,,,,,
certificare,13,,,,,,,
codificare,13,,,,,,,
decimare,13,,,,,,,
dilaniare,13,,,,,,,
dispensare,13,,,,,,,
distare,13,,,,,,,
eguagliare,13,,,,,,,
esaudire,13,,,,,,,
esternare,13,,,,,,,
etichettare,13,,,,,,,
fecondare,13,,,,,,,
immagazzinare,13,,,,,,,
immedesimare,13,,,,,,,
impiantare,13,,,,,,,
indurire,13,,,,,,,
infestare,13,,,,,,,
iniettare,13,,,,,,,
interagire,13,,,,,,,
intralciare,13,,,,,,,
lusingare,13,,,,,,,
osteggiare,13,,,,,,,
permanere,13,,,,,,,
pigiare,13,,,,,,,
progredire,13,,,,,,,
propagare,13,,,,,,,
pulsare,13,,,,,,,
raccattare,13,,,,,,,
regolamentare,13,,,,,,,
reiterare,13,,,,,,,
rianimare,13,,,,,,,
riassorbire,13,,,,,,,
riconciliare,13,,,,,,,
riconsiderare,13,,,,,,,
ridacchiare,13,,,,,,,
ridisegnare,13,,,,,,,
rinfacciare,13,,,,,,,
ringiovanire,13,,,,,,,
ripudiare,13,,,,,,,
rivisitare,13,,,,,,,
scardinare,13,,,,,,,
scricchiolare,13,,,,,,,
sganciare,13,,,,,,,
sibilare,13,,,,,,,
soccombere,13,,,,,,,
sorpassare,13,,,,,,,
sorseggiare,13,,,,,,,
stridere,13,,,,,,,
sussultare,13,,,,,,,
svendere,13,,,,,,,
tassare,13,,,,,,,
traghettare,13,,,,,,,
venerare,13,,,,,,,
volteggiare,13,,,,,,,
abbaiare,12,,,,,,,
abbronzare,12,,,,,,,
accatastare,12,,,,,,,
affibbiare,12,,,,,,,
ammiccare,12,,,,,,,
amplificare,12,,,,,,,
annidare,12,,,,,,,
annodare,12,,,,,,,
appellare,12,,,,,,,
appiccicare,12,,,,,,,
arrotondare,12,,,,,,,
assillare,12,,,,,,,
bilanciare,12,,,,,,,
caldeggiare,12,,,,,,,
calibrare,12,,,,,,,
defilare,12,,,,,,,
districare,12,,,,,,,
editare,12,,,,,,,
emozionare,12,,,,,,,
escogitare,12,,,,,,,
esonerare,12,,,,,,,
fiancheggiare,12,,,,,,,
impensierire,12,,,,,,,
impoverire,12,,,,,,,
inarcare,12,,,,,,,
indietreggiare,12,,,,,,,
infilzare,12,,,,,,,
ingerire,12,,,,,,,
istruire,12,,,,,,,
lesinare,12,,,,,,,
lucidare,12,,,,,,,
materializzare,12,,,,,,,
memorizzare,12,,,,,,,
militare,12,,,,,,,
nidificare,12,,,,,,,
presenziare,12,,,,,,,
prodigare,12,,,,,,,
prosciugare,12,,,,,,,
pullulare,12,,,,,,,
razionalizzare,12,,,,,,,
reinventare,12,,,,,,,
rimpicciolire,12,,,,,,,
ringhiare,12,,,,,,,
rischiarare,12,,,,,,,
risollevare,12,,,,,,,
ristagnare,12,,,,,,,
saccheggiare,12,,,,,,,
saziare,12,,,,,,,
sbuffare,12,,,,,,,
scalzare,12,,,,,,,
sgombrare,12,,,,,,,
sgorgare,12,,,,,,,
spandere,12,,,,,,,
spopolare,12,,,,,,,
sporcare,12,,,,,,,
srotolare,12,,,,,,,
stagliare,12,,,,,,,
strapazzare,12,,,,,,,
sventare,12,,,,,,,
trafugare,12,,,,,,,
ungere,12,,,,,,,
accalcare,11,,,,,,,
acclamare,11,,,,,,,
accoltellare,11,,,,,,,
addossare,11,,,,,,,
addurre,11,,,,,,,
aggrottare,11,,,,,,,
allietare,11,,,,,,,
ambire,11,,,,,,,
ammassare,11,,,,,,,
apostrofare,11,,,,,,,
argomentare,11,,,,,,,
arraffare,11,,,,,,,
arrecare,11,,,,,,,
arrostire,11,,,,,,,
asserire,11,,,,,,,
assiepare,11,,,,,,,
assoldare,11,,,,,,,
attanagliare,11,,,,,,,
avvicendare,11,,,,,,,
boicottare,11,,,,,,,
brandire,11,,,,,,,
brindare,11,,,,,,,
castigare,11,,,,,,,
censire,11,,,,,,,
censurare,11,,,,,,,
coesistere,11,,,,,,,
constare,11,,,,,,,
contaminare,11,,,,,,,
contentare,11,,,,,,,
convolare,11,,,,,,,
costellare,11,,,,,,,
denudare,11,,,,,,,
deportare,11,,,,,,,
differenziare,11,,,,,,,
diramare,11,,,,,,,
disintegrare,11,,,,,,,
disorientare,11,,,,,,,
dissimulare,11,,,,,,,
diversificare,11,,,,,,,
divincolare,11,,,,,,,
dosare,11,,,,,,,
elogiare,11,,,,,,,
eludere,11,,,,,,,
equipaggiare,11,,,,,,,
fioccare,11,,,,,,,
fischiettare,11,,,,,,,
focalizzare,11,,,,,,,
forgiare,11,,,,,,,
freddare,11,,,,,,,
improntare,11,,,,,,,
incamminare,11,,,,,,,
incentrare,11,,,,,,,
ingigantire,11,,,,,,,
inquietare,11,,,,,,,
martellare,11,,,,,,,
mimare,11,,,,,,,
orchestrare,11,,,,,,,
originare,11,,,,,,,
ottimizzare,11,,,,,,,
penzolare,11,,,,,,,
perpetuare,11,,,,,,,
persistere,11,,,,,,,
pettinare,11,,,,,,,
prefiggere,11,,,,,,,
propendere,11,,,,,,,
puzzare,11,,,,,,,
quantificare,11,,,,,,,
riabilitare,11,,,,,,,
riesumare,11,,,,,,,
rifinire,11,,,,,,,
saggiare,11,,,,,,,
scandagliare,11,,,,,,,
sciorinare,11,,,,,,,
scoccare,11,,,,,,,
serbare,11,,,,,,,
sgozzare,11,,,,,,,
soffriggere,11,,,,,,,
sotterrare,11,,,,,,,
spolverizzare,11,,,,,,,
spronare,11,,,,,,,
squarciare,11,,,,,,,
sradicare,11,,,,,,,
stordire,11,,,,,,,
tossire,11,,,,,,,
totalizzare,11,,,,,,,
trapassare,11,,,,,,,
trascendere,11,,,,,,,
urgere,11,,,,,,,
vagheggiare,11,,,,,,,
abbreviare,10,,,,,,,
appiccare,10,,,,,,,
attorcigliare,10,,,,,,,
bastonare,10,,,,,,,
capitolare,10,,,,,,,
commemorare,10,,,,,,,
convalidare,10,,,,,,,
dannare,10,,,,,,,
degradare,10,,,,,,,
deplorare,10,,,,,,,
desumere,10,,,,,,,
digiunare,10,,,,,,,
disinnescare,10,,,,,,,
dispiegare,10,,,,,,,
fatturare,10,,,,,,,
glissare,10,,,,,,,
imperniare,10,,,,,,,
incutere,10,,,,,,,
indulgere,10,,,,,,,
inebriare,10,,,,,,,
inforcare,10,,,,,,,
ingrossare,10,,,,,,,
insangwinare,10,,,,,,,
interrare,10,,,,,,,
intimorire,10,,,,,,,
invaghire,10,,,,,,,
irridere,10,,,,,,,
ledere,10,,,,,,,
macerare,10,,,,,,,
monopolizzare,10,,,,,,,
pattugliare,10,,,,,,,
pelare,10,,,,,,,
perpetrare,10,,,,,,,
posizionare,10,,,,,,,
presagire,10,,,,,,,
primeggiare,10,,,,,,,
procreare,10,,,,,,,
professare,10,,,,,,,
pronunziare,10,,,,,,,
prostituire,10,,,,,,,
quadrare,10,,,,,,,
querelare,10,,,,,,,
raggelare,10,,,,,,,
rasserenare,10,,,,,,,
ricandidare,10,,,,,,,
riconsegnare,10,,,,,,,
rielaborare,10,,,,,,,
riequilibrare,10,,,,,,,
rigettare,10,,,,,,,
rimuginare,10,,,,,,,
rosicchiare,10,,,,,,,
sbandare,10,,,,,,,
sbriciolare,10,,,,,,,
scarcerare,10,,,,,,,
scoperchiare,10,,,,,,,
scorrazzare,10,,,,,,,
scritturare,10,,,,,,,
sfatare,10,,,,,,,
sgretolare,10,,,,,,,
smistare,10,,,,,,,
soggiogare,10,,,,,,,
sondare,10,,,,,,,
sottostare,10,,,,,,,
specchiare,10,,,,,,,
spiazzare,10,,,,,,,
stabilizzare,10,,,,,,,
stanare,10,,,,,,,
stazionare,10,,,,,,,
suggellare,10,,,,,,,
svilire,10,,,,,,,
tonificare,10,,,,,,,
tostare,10,,,,,,,
trafficare,10,,,,,,,
trincerare,10,,,,,,,
verniciare,10,,,,,,,
vincolare,10,,,,,,,
virare,10,,,,,,,
viziare,10,,,,,,,
zoppicare,10,,,,,,,
acciuffare,9,,,,,,,
addebitare,9,,,,,,,
addentare,9,,,,,,,
allagare,9,,,,,,,
angosciare,9,,,,,,,
appannare,9,,,,,,,
apporre,9,,,,,,,
armeggiare,9,,,,,,,
armonizzare,9,,,,,,,
atteggiare,9,,,,,,,
azzuffare,9,,,,,,,
defungere,9,,,,,,,
depistare,9,,,,,,,
deturpare,9,,,,,,,
discostare,9,,,,,,,
drammatizzare,9,,,,,,,
eccellere,9,,,,,,,
enunciare,9,,,,,,,
equivocare,9,,,,,,,
errare,9,,,,,,,
estromettere,9,,,,,,,
farcire,9,,,,,,,
fluttuare,9,,,,,,,
fracassare,9,,,,,,,
fregiare,9,,,,,,,
gracchiare,9,,,,,,,
imballare,9,,,,,,,
imbevere,9,,,,,,,
impregnare,9,,,,,,,
inalberare,9,,,,,,,
incanalare,9,,,,,,,
incarcerare,9,,,,,,,
incatenare,9,,,,,,,
indebitare,9,,,,,,,
inibire,9,,,,,,,
inneggiare,9,,,,,,,
intasare,9,,,,,,,
intervallare,9,,,,,,,
intrigare,9,,,,,,,
inveire,9,,,,,,,
investigare,9,,,,,,,
liberalizzare,9,,,,,,,
limare,9,,,,,,,
luccicare,9,,,,,,,
migrare,9,,,,,,,
mozzare,9,,,,,,,
multare,9,,,,,,,
murare,9,,,,,,,
normalizzare,9,,,,,,,
officiare,9,,,,,,,
omettere,9,,,,,,,
osannare,9,,,,,,,
pompare,9,,,,,,,
pronosticare,9,,,,,,,
prosciogliere,9,,,,,,,
punteggiare,9,,,,,,,
rasentare,9,,,,,,,
redarguire,9,,,,,,,
redimere,9,,,,,,,
riattaccare,9,,,,,,,
riavvicinare,9,,,,,,,
ricaricare,9,,,,,,,
rifuggire,9,,,,,,,
rimboccare,9,,,,,,,
rinunziare,9,,,,,,,
rituffare,9,,,,,,,
riutilizzare,9,,,,,,,
sballottare,9,,,,,,,
sbalordire,9,,,,,,,
schermire,9,,,,,,,
scintillare,9,,,,,,,
sdrammatizzare,9,,,,,,,
sfasciare,9,,,,,,,
sgranocchiare,9,,,,,,,
smussare,9,,,,,,,
snocciolare,9,,,,,,,
soggiornare,9,,,,,,,
solleticare,9,,,,,,,
sonnecchiare,9,,,,,,,
spulciare,9,,,,,,,
squadrare,9,,,,,,,
stramazzare,9,,,,,,,
strumentalizzare,9,,,,,,,
subordinare,9,,,,,,,
supportare,9,,,,,,,
svincolare,9,,,,,,,
tergiversare,9,,,,,,,
titolare,9,,,,,,,
traballare,9,,,,,,,
trucidare,9,,,,,,,
truffare,9,,,,,,,
unificare,9,,,,,,,
visionare,9,,,,,,,
abdicare,8,,,,,,,
acuire,8,,,,,,,
allattare,8,,,,,,,
ammucchiare,8,,,,,,,
annaffiare,8,,,,,,,
annaspare,8,,,,,,,
annunziare,8,,,,,,,
anteporre,8,,,,,,,
arenare,8,,,,,,,
arringare,8,,,,,,,
arrotare,8,,,,,,,
assopire,8,,,,,,,
assurgere,8,,,,,,,
avviluppare,8,,,,,,,
barare,8,,,,,,,
bramare,8,,,,,,,
calciare,8,,,,,,,
camuffare,8,,,,,,,
carpire,8,,,,,,,
coadiuvare,8,,,,,,,
confutare,8,,,,,,,
congratulare,8,,,,,,,
contrattaccare,8,,,,,,,
controbattere,8,,,,,,,
correlare,8,,,,,,,
cuccare,8,,,,,,,
depredare,8,,,,,,,
depurare,8,,,,,,,
detrarre,8,,,,,,,
digitare,8,,,,,,,
dipanare,8,,,,,,,
diradare,8,,,,,,,
eccepire,8,,,,,,,
emulare,8,,,,,,,
equiparare,8,,,,,,,
falciare,8,,,,,,,
falsificare,8,,,,,,,
familiarizzare,8,,,,,,,
foderare,8,,,,,,,
glorificare,8,,,,,,,
grondare,8,,,,,,,
guarnire,8,,,,,,,
guizzare,8,,,,,,,
imbavagliare,8,,,,,,,
imbrigliare,8,,,,,,,
immolare,8,,,,,,,
impreziosire,8,,,,,,,
inceppare,8,,,,,,,
infittire,8,,,,,,,
internare,8,,,,,,,
intersecare,8,,,,,,,
intristire,8,,,,,,,
invogliare,8,,,,,,,
involare,8,,,,,,,
lottizzare,8,,,,,,,
mietere,8,,,,,,,
nicchiare,8,,,,,,,
ostruire,8,,,,,,,
padroneggiare,8,,,,,,,
pattuire,8,,,,,,,
paventare,8,,,,,,,
perforare,8,,,,,,,
pizzicare,8,,,,,,,
plasmare,8,,,,,,,
posteggiare,8,,,,,,,
potare,8,,,,,,,
precludere,8,,,,,,,
profondere,8,,,,,,,
proliferare,8,,,,,,,
prorogare,8,,,,,,,
racimolare,8,,,,,,,
razziare,8,,,,,,,
reclamizzare,8,,,,,,,
reintegrare,8,,,,,,,
reinvestire,8,,,,,,,
remare,8,,,,,,,
remunerare,8,,,,,,,
retribuire,8,,,,,,,
ridicolizzare,8,,,,,,,
ridiventare,8,,,,,,,
rimangiare,8,,,,,,,
rincasare,8,,,,,,,
rinsaldare,8,,,,,,,
riordinare,8,,,,,,,
rispuntare,8,,,,,,,
ristampare,8,,,,,,,
rizzare,8,,,,,,,
ruggire,8,,,,,,,
sbancare,8,,,,,,,
sbaragliare,8,,,,,,,
scansare,8,,,,,,,
schivare,8,,,,,,,
scippare,8,,,,,,,
sconfinare,8,,,,,,,
sedare,8,,,,,,,
segare,8,,,,,,,
sfaldare,8,,,,,,,
sgattaiolare,8,,,,,,,
sobbarcare,8,,,,,,,
sogghignare,8,,,,,,,
sortire,8,,,,,,,
spennellare,8,,,,,,,
spolverare,8,,,,,,,
stigmatizzare,8,,,,,,,
strutturare,8,,,,,,,
suffragare,8,,,,,,,
svestire,8,,,,,,,
tallonare,8,,,,,,,
timbrare,8,,,,,,,
trasfigurare,8,,,,,,,
tratteggiare,8,,,,,,,
troneggiare,8,,,,,,,
ululare,8,,,,,,,
ventilare,8,,,,,,,
zittire,8,,,,,,,
abrogare,7,,,,,,,
accasciare,7,,,,,,,
addolorare,7,,,,,,,
adombrare,7,,,,,,,
affievolire,7,,,,,,,
affossare,7,,,,,,,
albergare,7,,,,,,,
amputare,7,,,,,,,
ardere,7,,,,,,,
arroccare,7,,,,,,,
ascrivere,7,,,,,,,
assentire,7,,,,,,,
attutire,7,,,,,,,
avversare,7,,,,,,,
bisbigliare,7,,,,,,,
burlare,7,,,,,,,
catalizzare,7,,,,,,,
cinguettare,7,,,,,,,
concimare,7,,,,,,,
conteggiare,7,,,,,,,
controbilanciare,7,,,,,,,
corrugare,7,,,,,,,
crivellare,7,,,,,,,
declassare,7,,,,,,,
deglutire,7,,,,,,,
demordere,7,,,,,,,
deteriorare,7,,,,,,,
dilapidare,7,,,,,,,
dilettare,7,,,,,,,
dilungare,7,,,,,,,
discriminare,7,,,,,,,
disdire,7,,,,,,,
eccettuare,7,,,,,,,
elettrizzare,7,,,,,,,
espiare,7,,,,,,,
espletare,7,,,,,,,
espropriare,7,,,,,,,
estirpare,7,,,,,,,
farfugliare,7,,,,,,,
fiatare,7,,,,,,,
flagellare,7,,,,,,,
flirtare,7,,,,,,,
fluire,7,,,,,,,
fortificare,7,,,,,,,
fucilare,7,,,,,,,
gongolare,7,,,,,,,
grigliare,7,,,,,,,
imbracciare,7,,,,,,,
imperare,7,,,,,,,
inabissare,7,,,,,,,
infettare,7,,,,,,,
inscenare,7,,,,,,,
interporre,7,,,,,,,
ipotecare,7,,,,,,,
ispezionare,7,,,,,,,
laccare,7,,,,,,,
lenire,7,,,,,,,
levigare,7,,,,,,,
librare,7,,,,,,,
liquefare,7,,,,,,,
malmenare,7,,,,,,,
marchiare,7,,,,,,,
marcire,7,,,,,,,
masturbare,7,,,,,,,
modulare,7,,,,,,,
movimentare,7,,,,,,,
nevicare,7,,,,,,,
omologare,7,,,,,,,
palpare,7,,,,,,,
palpitare,7,,,,,,,
pasticciare,7,,,,,,,
pedinare,7,,,,,,,
perlustrare,7,,,,,,,
perseverare,7,,,,,,,
personalizzare,7,,,,,,,
prestabilire,7,,,,,,,
profetizzare,7,,,,,,,
propiziare,7,,,,,,,
raffinare,7,,,,,,,
rassodare,7,,,,,,,
rassomigliare,7,,,,,,,
rastrellare,7,,,,,,,
rattristare,7,,,,,,,
ravvisare,7,,,,,,,
recedere,7,,,,,,,
recriminare,7,,,,,,,
riagganciare,7,,,,,,,
riallacciare,7,,,,,,,
ribassare,7,,,,,,,
ricomprare,7,,,,,,,
ridefinire,7,,,,,,,
ridestare,7,,,,,,,
riecheggiare,7,,,,,,,
riesaminare,7,,,,,,,
rimorchiare,7,,,,,,,
rimpinzare,7,,,,,,,
rinfocolare,7,,,,,,,
ripiombare,7,,,,,,,
risplendere,7,,,,,,,
ritentare,7,,,,,,,
rombare,7,,,,,,,
santificare,7,,,,,,,
sanzionare,7,,,,,,,
sbadigliare,7,,,,,,,
sbatacchiare,7,,,,,,,
scannare,7,,,,,,,
scarabocchiare,7,,,,,,,
scindere,7,,,,,,,
scioperare,7,,,,,,,
scopare,7,,,,,,,
sdoppiare,7,,,,,,,
sensibilizzare,7,,,,,,,
sgonfiare,7,,,,,,,
sguazzare,7,,,,,,,
sminuzzare,7,,,,,,,
snellire,7,,,,,,,
sniffare,7,,,,,,,
sorteggiare,7,,,,,,,
soverchiare,7,,,,,,,
sovvertire,7,,,,,,,
sparpagliare,7,,,,,,,
spellare,7,,,,,,,
starnutire,7,,,,,,,
sterilizzare,7,,,,,,,
stralciare,7,,,,,,,
straripare,7,,,,,,,
strascicare,7,,,,,,,
surclassare,7,,,,,,,
svaligiare,7,,,,,,,
svolazzare,7,,,,,,,
trafiggere,7,,,,,,,
trasalire,7,,,,,,,
trasgredire,7,,,,,,,
triplicare,7,,,,,,,
umanizzare,7,,,,,,,
vaccinare,7,,,,,,,
vertere,7,,,,,,,
vivacizzare,7,,,,,,,
abbonare,6,,,,,,,
abilitare,6,,,,,,,
accalappiare,6,,,,,,,
accerchiare,6,,,,,,,
acquietare,6,,,,,,,
addomesticare,6,,,,,,,
agonizzare,6,,,,,,,
ammortizzare,6,,,,,,,
ammutolire,6,,,,,,,
angustiare,6,,,,,,,
appaiare,6,,,,,,,
arricciare,6,,,,,,,
arrischiare,6,,,,,,,
assentare,6,,,,,,,
assoggettare,6,,,,,,,
assommare,6,,,,,,,
assuefare,6,,,,,,,
atterrire,6,,,,,,,
attizzare,6,,,,,,,
avvalorare,6,,,,,,,
avvitare,6,,,,,,,
blandire,6,,,,,,,
brevettare,6,,,,,,,
capacitare,6,,,,,,,
cautelare,6,,,,,,,
cementare,6,,,,,,,
cestinare,6,,,,,,,
colonizzare,6,,,,,,,
combaciare,6,,,,,,,
commerciare,6,,,,,,,
comprovare,6,,,,,,,
conformare,6,,,,,,,
cozzare,6,,,,,,,
criminalizzare,6,,,,,,,
cullare,6,,,,,,,
cumulare,6,,,,,,,
deformare,6,,,,,,,
deliziare,6,,,,,,,
demonizzare,6,,,,,,,
digradare,6,,,,,,,
diluviare,6,,,,,,,
dissotterrare,6,,,,,,,
disubbidire,6,,,,,,,
divagare,6,,,,,,,
drenare,6,,,,,,,
drizzare,6,,,,,,,
fagocitare,6,,,,,,,
falsare,6,,,,,,,
fervere,6,,,,,,,
flettere,6,,,,,,,
frustare,6,,,,,,,
garbare,6,,,,,,,
graziare,6,,,,,,,
imbestialire,6,,,,,,,
imbrattare,6,,,,,,,
immatricolare,6,,,,,,,
imparentare,6,,,,,,,
incamerare,6,,,,,,,
inclinare,6,,,,,,,
indicizzare,6,,,,,,,
ingarbugliare,6,,,,,,,
ingombrare,6,,,,,,,
inorridire,6,,,,,,,
insabbiare,6,,,,,,,
inspirare,6,,,,,,,
intenerire,6,,,,,,,
intercalare,6,,,,,,,
intessere,6,,,,,,,
intrufolare,6,,,,,,,
invalidare,6,,,,,,,
irrobustire,6,,,,,,,
istigare,6,,,,,,,
maledire,6,,,,,,,
moralizzare,6,,,,,,,
mutuare,6,,,,,,,
nobilitare,6,,,,,,,
oliare,6,,,,,,,
orbitare,6,,,,,,,
ordire,6,,,,,,,
ossigenare,6,,,,,,,
pascolare,6,,,,,,,
patrocinare,6,,,,,,,
penare,6,,,,,,,
pernottare,6,,,,,,,
piallare,6,,,,,,,
plagiare,6,,,,,,,
polverizzare,6,,,,,,,
precorrere,6,,,,,,,
pregustare,6,,,,,,,
promulgare,6,,,,,,,
propagandare,6,,,,,,,
propugnare,6,,,,,,,
pugnalare,6,,,,,,,
radicare,6,,,,,,,
rammaricare,6,,,,,,,
rantolare,6,,,,,,,
riabbracciare,6,,,,,,,
riaccompagnare,6,,,,,,,
riaffacciare,6,,,,,,,
riattivare,6,,,,,,,
ricacciare,6,,,,,,,
ricompensare,6,,,,,,,
ricopiare,6,,,,,,,
rifondare,6,,,,,,,
rimescolare,6,,,,,,,
rincontrare,6,,,,,,,
rinfrescare,6,,,,,,,
rinverdire,6,,,,,,,
rinvigorire,6,,,,,,,
risistemare,6,,,,,,,
rumoreggiare,6,,,,,,,
ruzzolare,6,,,,,,,
saltellare,6,,,,,,,
sbiancare,6,,,,,,,
sboccare,6,,,,,,,
sbranare,6,,,,,,,
scarseggiare,6,,,,,,,
schedare,6,,,,,,,
schiaffeggiare,6,,,,,,,
screditare,6,,,,,,,
sedimentare,6,,,,,,,
sformare,6,,,,,,,
sghignazzare,6,,,,,,,
sgobbare,6,,,,,,,
sincronizzare,6,,,,,,,
slacciare,6,,,,,,,
sloggiare,6,,,,,,,
smerciare,6,,,,,,,
sobbalzare,6,,,,,,,
sobbollire,6,,,,,,,
soppesare,6,,,,,,,
sormontare,6,,,,,,,
sovvenzionare,6,,,,,,,
spalleggiare,6,,,,,,,
spezzettare,6,,,,,,,
spifferare,6,,,,,,,
squartare,6,,,,,,,
stipare,6,,,,,,,
straziare,6,,,,,,,
stritolare,6,,,,,,,
tappare,6,,,,,,,
tatuare,6,,,,,,,
temperare,6,,,,,,,
tentennare,6,,,,,,,
tramare,6,,,,,,,
trangugiare,6,,,,,,,
trasudare,6,,,,,,,
uniformare,6,,,,,,,
volatilizzare,6,,,,,,,
abbisognare,5,,,,,,,
abbottonare,5,,,,,,,
aborrire,5,,,,,,,
accapponare,5,,,,,,,
acconciare,5,,,,,,,
adornare,5,,,,,,,
affiliare,5,,,,,,,
alienare,5,,,,,,,
amareggiare,5,,,,,,,
ammantare,5,,,,,,,
annacquare,5,,,,,,,
annerire,5,,,,,,,
appaltare,5,,,,,,,
aromatizzare,5,,,,,,,
ascendere,5,,,,,,,
attraccare,5,,,,,,,
attualizzare,5,,,,,,,
bacchettare,5,,,,,,,
belare,5,,,,,,,
bissare,5,,,,,,,
boccheggiare,5,,,,,,,
centellinare,5,,,,,,,
chiosare,5,,,,,,,
cicatrizzare,5,,,,,,,
cigolare,5,,,,,,,
civettare,5,,,,,,,
coagulare,5,,,,,,,
colpevolizzare,5,,,,,,,
comminare,5,,,,,,,
commissariare,5,,,,,,,
concertare,5,,,,,,,
condonare,5,,,,,,,
congegnare,5,,,,,,,
connotare,5,,,,,,,
contorcere,5,,,,,,,
crepare,5,,,,,,,
debellare,5,,,,,,,
decantare,5,,,,,,,
decomporre,5,,,,,,,
delegittimare,5,,,,,,,
destabilizzare,5,,,,,,,
destituire,5,,,,,,,
destreggiare,5,,,,,,,
detronizzare,5,,,,,,,
diffamare,5,,,,,,,
disgiungere,5,,,,,,,
disgregare,5,,,,,,,
disinteressare,5,,,,,,,
disossare,5,,,,,,,
dissanguare,5,,,,,,,
dissentire,5,,,,,,,
disseppellire,5,,,,,,,
dissetare,5,,,,,,,
dissodare,5,,,,,,,
distanziare,5,,,,,,,
dorare,5,,,,,,,
dribblare,5,,,,,,,
elemosinare,5,,,,,,,
enumerare,5,,,,,,,
equilibrare,5,,,,,,,
esautorare,5,,,,,,,
espatriare,5,,,,,,,
espugnare,5,,,,,,,
estorcere,5,,,,,,,
estradare,5,,,,,,,
estraniare,5,,,,,,,
folgorare,5,,,,,,,
fomentare,5,,,,,,,
forare,5,,,,,,,
franare,5,,,,,,,
fratturare,5,,,,,,,
galoppare,5,,,,,,,
galvanizzare,5,,,,,,,
generalizzare,5,,,,,,,
ghermire,5,,,,,,,
giostrare,5,,,,,,,
guerreggiare,5,,,,,,,
imbarazzare,5,,,,,,,
imbastire,5,,,,,,,
imburrare,5,,,,,,,
impazzare,5,,,,,,,
impennare,5,,,,,,,
impuntare,5,,,,,,,
inasprire,5,,,,,,,
incastonare,5,,,,,,,
increspare,5,,,,,,,
incuneare,5,,,,,,,
infangare,5,,,,,,,
ingentilire,5,,,,,,,
ingiallire,5,,,,,,,
inglobare,5,,,,,,,
ingranare,5,,,,,,,
ingurgitare,5,,,,,,,
inimicare,5,,,,,,,
intentare,5,,,,,,,
intingere,5,,,,,,,
irretire,5,,,,,,,
lacrimare,5,,,,,,,
lambire,5,,,,,,,
lampeggiare,5,,,,,,,
latitare,5,,,,,,,
legalizzare,5,,,,,,,
lisciare,5,,,,,,,
lustrare,5,,,,,,,
maggiorare,5,,,,,,,
mantecare,5,,,,,,,
marinare,5,,,,,,,
miscelare,5,,,,,,,
mitizzare,5,,,,,,,
modernizzare,5,,,,,,,
mugugnare,5,,,,,,,
mutilare,5,,,,,,,
nauseare,5,,,,,,,
numerare,5,,,,,,,
odorare,5,,,,,,,
ormeggiare,5,,,,,,,
ottemperare,5,,,,,,,
parlottare,5,,,,,,,
patteggiare,5,,,,,,,
pazientare,5,,,,,,,
perire,5,,,,,,,
piantonare,5,,,,,,,
pisciare,5,,,,,,,
plaudire,5,,,,,,,
preporre,5,,,,,,,
proferire,5,,,,,,,
profittare,5,,,,,,,
puntellare,5,,,,,,,
raffrontare,5,,,,,,,
rapportare,5,,,,,,,
raschiare,5,,,,,,,
recintare,5,,,,,,,
regredire,5,,,,,,,
reinterpretare,5,,,,,,,
riacciuffare,5,,,,,,,
riascoltare,5,,,,,,,
ricollegare,5,,,,,,,
ricompattare,5,,,,,,,
riconvertire,5,,,,,,,
riconvocare,5,,,,,,,
ricuperare,5,,,,,,,
rifiatare,5,,,,,,,
rifiorire,5,,,,,,,
rigare,5,,,,,,,
rimpinguare,5,,,,,,,
rinfoderare,5,,,,,,,
ripianare,5,,,,,,,
ripubblicare,5,,,,,,,
risciacquare,5,,,,,,,
risonare,5,,,,,,,
rivitalizzare,5,,,,,,,
rovistare,5,,,,,,,
salpare,5,,,,,,,
sbraitare,5,,,,,,,
scarificare,5,,,,,,,
schermare,5,,,,,,,
sciacquare,5,,,,,,,
scompaginare,5,,,,,,,
sconfessare,5,,,,,,,
segregare,5,,,,,,,
sfarinare,5,,,,,,,
sfollare,5,,,,,,,
sgarrare,5,,,,,,,
simpatizzare,5,,,,,,,
smembrare,5,,,,,,,
sminuire,5,,,,,,,
sopire,5,,,,,,,
sopperire,5,,,,,,,
soppiantare,5,,,,,,,
sparecchiare,5,,,,,,,
spasimare,5,,,,,,,
spazzolare,5,,,,,,,
spiattellare,5,,,,,,,
spodestare,5,,,,,,,
stoppare,5,,,,,,,
strattonare,5,,,,,,,
strepitare,5,,,,,,,
strigliare,5,,,,,,,
strusciare,5,,,,,,,
supplire,5,,,,,,,
surgelare,5,,,,,,,
surriscaldare,5,,,,,,,
sventrare,5,,,,,,,
svernare,5,,,,,,,
tacitare,5,,,,,,,
tartassare,5,,,,,,,
tesserare,5,,,,,,,
testare,5,,,,,,,
tiranneggiare,5,,,,,,,
tramortire,5,,,,,,,
tributare,5,,,,,,,
usurpare,5,,,,,,,
velocizzare,5,,,,,,,
visualizzare,5,,,,,,,
vivacchiare,5,,,,,,,
vociferare,5,,,,,,,
